"","V1","V2","V3","V4","V5","V6","V7","V8","V9","V10","V11","V12","V13","V14","V15"
"1","44219","Angola","98","19367","86","0.298178022746237","5","457","3.71428571428571","0.0152131644258284","0.261666428124249","0.00521594208885545","-0.00608526577033136","0.0623251837115745","0.150476290167311"
"2","44226","Angola","59","19782","59.2857142857143","0.179515340224775","0","464","1","0","0.180384663906251","-0.0169518117887802","0.000869323681475905","0.0479587006865336","0.148746677636652"
"3","44233","Angola","32","20062","40","0.0973642523253018","1","475","1.57142857142857","0.00304263288516568","0.121705315406627","-0.0117358696999248","-0.00434661840737954","0.0324302227109379","0.102541314317626"
"4","44240","Angola","35","20329","38.1428571428571","0.106492150980799","1","491","2.28571428571429","0.00304263288516568","0.116054711477034","0.00130398552221386","0.00173864736295182","0.0278878788133147","0.0691845012263498"
"5","44247","Angola","21","20499","24.2857142857143","0.0638952905884793","0","498","1","0","0.0738925129254522","-0.00608526577033136","-0.00304263288516568","0.0188575239148366","0.0597518233884537"
"6","44254","Angola","23","20782","40.4285714285714","0.0699805563588106","2","506","1.14285714285714","0.00608526577033136","0.123009300928841","0.000869323681475909","-0.0156478262665664","0.0234208203007997","0.0117908229513432"
"7","44261","Angola","29","21055","39","0.0882363536698047","1","512","0.857142857142857","0.00304263288516568","0.118662682521462","0.00260797104442773","0.0108665460184489","0.0222539466915072","0.019628252324883"
"8","44219","Benin","0","3643","32.8571428571429","0","0","48","0.285714285714286","0","0.271026980146685","0","-0.0718810686475989","0.0658677103310465","0.0730147253873212"
"9","44226","Benin","0","3786","20.4285714285714","0","0","48","0","0","0.168508078960765","0","0.0718810686475989","0.040952532944955","0.154067769165907"
"10","44233","Benin","0","4193","58.1428571428571","0","0","55","1","0","0.479599917042176","0","-0.0871999849167594","0.116557209151026","0.0957899608292379"
"11","44240","Benin","0","4560","52.4285714285714","0","0","56","0.142857142857143","0","0.432464790060144","0","0.0871999849167594","0.105101955180409","0.272632965437062"
"12","44247","Benin","0","5143","83.2857142857143","0","0","65","1.28571428571429","0","0.686994475763118","0","0","0.16696032662174","0.245838570799513"
"13","44254","Benin","0","5434","41.5714285714286","0","0","70","0.714285714285714","0","0.342908048794283","0","0","0.0657539650121558","0.109621799443278"
"14","44261","Benin","0","6071","91","0","0","75","0.714285714285714","0","0.750626897188861","0","0","0.143935655370252","0.0547168844562501"
"15","44219","Botswana","0","19654","327","0","0","105","4.85714285714286","0","13.9052664389378","0","0","3.37939810044105","4.54107362335698"
"16","44226","Botswana","0","21293","234.142857142857","0","0","134","4.14285714285714","0","9.95663245671432","0","0","2.41976124360982","7.90457606377501"
"17","44233","Botswana","0","23503","315.714285714286","0","0","163","4.14285714285714","0","13.4253555395599","0","0","3.26276531322617","5.65993891154532"
"18","44240","Botswana","0","24926","203.285714285714","0","0","202","5.57142857142857","0","8.64447101031389","0","0","2.10086653426283","7.63176631758094"
"19","44247","Botswana","0","26524","228.285714285714","0","0","254","7.42857142857143","0","9.70756477475868","0","0","2.35923030340969","4.91402871941976"
"20","44254","Botswana","0","28371","263.857142857143","0","0","310","8","0","11.2201953310258","0","0","2.15151651826181","1.5490091352469"
"21","44261","Botswana","0","31746","482.142857142857","0","0","359","7","0","20.5025226000066","0","0","3.93143922530244","1.79037538973781"
"22","44219","Burkina Faso","110","9967","138.142857142857","0.526233379815687","2","109","1.14285714285714","0.0095678796330125","0.660867114651649","-0.00546735979029284","-0.0498896580864223","0.161939324721022","0.440554853478336"
"23","44226","Burkina Faso","157","10580","87.5714285714286","0.751078551191481","0","120","1.57142857142857","0","0.41893644393119","0.0321207387679705","0.0949953763563384","0.0940078541457421","0.375675964121297"
"24","44233","Burkina Faso","84","11227","92.4285714285714","0.401850944586525","2","134","2","0.0095678796330125","0.442172723039935","-0.0498896580864223","-0.079960136933033","0.119585962870909","0.238148258538113"
"25","44240","Burkina Faso","50","11588","51.5714285714286","0.239196990825312","1","138","0.571428571428571","0.00478393981650625","0.246714610536965","-0.0232362791087446","-0.03827151853205","0.0656061879639013","0.251357134215594"
"26","44247","Burkina Faso","20","11783","27.8571428571429","0.095678796330125","0","139","0.142857142857143","0","0.133266894888388","-0.0205025992135982","0.0150352394233053","0.0352680243237689","0.1262749341194"
"27","44254","Burkina Faso","43","11982","28.4285714285714","0.205709412109769","0","142","0.428571428571429","0","0.136000574783535","0.015718659397092","0.0396383584796232","0.0230645296420557","0.0212650280886983"
"28","44261","Burkina Faso","30","12153","24.4285714285714","0.143518194495187","0","143","0.142857142857143","0","0.11686481551751","-0.00888445965922589","-0.00546735979029284","0.0241129173530583","0.0217012337930819"
"29","44219","Burundi","58","1438","36.1428571428571","0.487772715407159","0","2","0","0","0.303956889157663","0.0276324444688785","0.0576677101959203","0.0671551535950316","0.204885862700434"
"30","44226","Burundi","9","1613","25","0.0756888696321454","0","2","0","0","0.210246860089293","-0.058869120825002","-0.0564662995668386","0.0654032800229872","0.172787077544032"
"31","44233","Burundi","19","1717","14.8571428571429","0.159787613667862","0","3","0.142857142857143","0","0.124946705424494","0.0120141062908167","0.0216253913234701","0.0274460192953607","0.11951675324192"
"32","44240","Burundi","27","1824","15.2857142857143","0.227066608896436","0","3","0","0","0.128550937311739","0.00961128503265338","-0.00720846377449004","0.028905913938731","0.0710270990694837"
"33","44247","Burundi","28","1983","22.7142857142857","0.235476483300008","0","3","0","0","0.191024290023986","0.00120141062908167","3.96508223080413e-18","0.0444693702253734","0.0598122854531169"
"34","44254","Burundi","38","2181","28.2857142857143","0.319575227335725","0","3","0","0","0.237879304558171","0.0120141062908167","3.96508223080413e-18","0.043310538777248","0.0304812151313781"
"35","44261","Burundi","16","2299","16.8571428571429","0.134557990457147","0","3","0","0","0.141766454231637","-0.0264310338397968","0","0.0322525288766741","0.0379577395975652"
"36","44219","Cabo Verde","33","13414","73.2857142857143","5.93539057567893","2","124","0.714285714285714","0.359720640950238","13.1811920576766","-2.36387849767299","-1.38749390080806","3.77791983610371","8.54461417110076"
"37","44226","Cabo Verde","84","13981","81","15.10826691991","2","133","1.28571428571429","0.359720640950238","14.5686859584846","1.31041090631872","0.308331977957347","3.22215972798267","7.49296935004221"
"38","44233","Cabo Verde","74","14380","57","13.3096637151588","0","135","0.285714285714286","0","10.2520382670818","-0.256943314964456","2.23540684019077","2.55399869911805","8.28170296583612"
"39","44240","Cabo Verde","53","14700","45.7142857142857","9.53259698518131","0","139","0.571428571428571","0","8.22218607886258","-0.539580961425357","-1.31041090631872","2.12937299853118","5.82786505003283"
"40","44247","Cabo Verde","51","14999","42.7142857142857","9.17287634423107","1","143","0.571428571428571","0.179860320475119","7.68260511743723","-0.0513886629928911","-0.488192298432466","1.79659025718136","4.11714811779784"
"41","44254","Cabo Verde","71","15324","46.4285714285714","12.7700827537335","1","147","0.571428571428571","0.179860320475119","8.35065773634481","0.513886629928911","0.796524276389813","1.50273163593393","1.22589194978621"
"42","44261","Cabo Verde","41","15724","57.1428571428571","7.37427313947988","0","152","0.714285714285714","0","10.2777325985782","-0.770829944893367","-1.02777325985782","2.11860525721833","1.33249124976762"
"43","44219","Cameroon","1607","29617","229.571428571429","6.05367397548914","7","462","1","0.0263694572672209","0.864810567927019","0.502095992455451","0.502095992455451","0.0881505545207326","0.355476182382227"
"44","44226","Cameroon","0","29617","0","0","0","462","0","0","0","-0.864810567927019","-0.864810567927019","0.210174986817236","0.491609488027744"
"45","44233","Cameroon","1081","31394","253.857142857143","4.07219761512368","0","474","1.71428571428571","0","0.956296440078602","0.58174251644624","0.58174251644624","0.0910278723240799","0"
"46","44240","Cameroon","0","32098","100.571428571429","0","0","479","0.714285714285714","0","0.378859141145378","-0.58174251644624","-0.960601657591618","0.233455103589774","0.543615469959739"
"47","44247","Cameroon","0","33749","235.857142857143","0","0","523","6.28571428571429","0","0.888489264248606","0","0.378859141145378","0.215929622423931","0.215365948706616"
"48","44254","Cameroon","0","35714","280.714285714286","0","0","551","4","0","1.05746905163447","0","0","0.202773843504398","0.141773762918218"
"49","44261","Cameroon","0","35714","0","0","0","551","0","0","0","0","0","0","0.168737398021986"
"50","44219","Central African Republic","0","4974","0.142857142857143","0","0","63","0","0","0.00295784750811256","0","0","0.000718845934682675","0.0067256620261378"
"51","44226","Central African Republic","0","4981","1","0","0","63","0","0","0.0207049325567879","0","0","0.00503192154277872","0.00168141550653445"
"52","44233","Central African Republic","0","4989","1.14285714285714","0","0","63","0","0","0.0236627800649005","0","0","0.0057507674774614","0.0117699085457412"
"53","44240","Central African Republic","0","4996","1","0","0","63","0","0","0.0207049325567879","0","0","0.00503192154277872","0.0134513240522756"
"54","44247","Central African Republic","0","5001","0.714285714285714","0","0","63","0","0","0.0147892375405628","0","-0.0118313900324502","0.00298756143720392","0.0117699085457412"
"55","44254","Central African Republic","0","5004","0.428571428571429","0","0","63","0","0","0.00887354252433769","0","0.0118313900324502","0.00170153662689094","0.00235987753728253"
"56","44261","Central African Republic","0","5018","2","0","0","63","0","0","0.0414098651135759","0","0","0.00794050425882437","0.00141592652236952"
"57","44219","Chad","33","3137","40.2857142857143","0.200902673978063","0","115","0.571428571428571","0","0.245257809791401","-0.0130456281803937","-0.0173941709071916","0.0627755067802898","0.170565856914935"
"58","44226","Chad","26","3347","30","0.158286955255443","0","118","0.428571428571429","0","0.182638794525512","-0.00608795981751706","0.00608795981751705","0.0458662793647235","0.139419048260904"
"59","44233","Chad","23","3473","18","0.140023075802892","1","125","1","0.00608795981751706","0.109583276715307","-0.00260912563607874","0.0043485427267979","0.0272661292076006","0.103822695513439"
"60","44240","Chad","25","3622","21.2857142857143","0.152198995437926","0","128","0.428571428571429","0","0.129586573258577","0.00173941709071916","0.00260912563607874","0.031070705376103","0.0622936173080634"
"61","44247","Chad","18","3794","24.5714285714286","0.109583276715307","1","133","0.714285714285714","0.00608795981751706","0.149589869801848","-0.00608795981751706","-0.0139153367257533","0.0367195135014662","0.0647742541265921"
"62","44254","Chad","16","3973","25.5714285714286","0.0974073570802729","2","140","1","0.0121759196350341","0.155677829619365","-0.00173941709071916","0","0.0301853752598686","0.0238696398365487"
"63","44261","Chad","72","4161","26.8571428571429","0.438333106861228","0","140","0","0","0.163505206527601","0.0487036785401364","0.0687069750834068","0.0220136438359262","0.0248410786671059"
"64","44219","Comoros","100","2260","97.5714285714286","11.4995267944724","7","70","4.14285714285714","0.804966875613069","11.2202525723209","-0.131423163365399","-2.7434585352527","2.75879873186605","3.98757691069991"
"65","44226","Comoros","72","2718","65.4285714285714","8.27965929202013","1","90","2.85714285714286","0.114995267944724","7.52397610266909","-0.459981071778896","2.44775641768056","1.94034179983632","6.37825533959729"
"66","44233","Comoros","85","3086","52.5714285714286","9.77459777530155","3","108","2.57142857142857","0.344985803834172","6.04546551480835","0.213562640468773","0.57497633972362","1.41732785790513","4.27707312669921"
"67","44240","Comoros","42","3332","35.1428571428571","4.82980125367841","3","128","2.85714285714286","0.344985803834172","4.04126227348602","-0.706399503089019","-0.509264758040921","1.15382465051995","3.43660024153997"
"68","44247","Comoros","17","3490","22.5714285714286","1.95491955506031","1","143","2.14285714285714","0.114995267944724","2.59560747646663","-0.410697385516872","-0.427125280937547","0.717987138909555","2.01516872513599"
"69","44254","Comoros","13","3571","11.5714285714286","1.49493848328141","0","144","0.142857142857143","0","1.33065952907466","-0.0657115816826995","0.0821394771033743","0.26775964426489","0.414173872217289"
"70","44261","Comoros","9","3596","3.57142857142857","1.03495741150252","1","146","0.285714285714286","0.114995267944724","0.410697385516872","-0.0657115816826994","-0.0821394771033743","0.0913532903962566","0.212329643351901"
"71","44219","Côte d’Ivoire","297","26612","250.857142857143","1.12592658640213","2","145","0.571428571428571","0.00758199721482914","0.950999079231427","0.160846655200304","0.00595728352593713","0.192030811675237","0.423001186664156"
"72","44226","Côte d’Ivoire","244","28178","223.714285714286","0.925003660209155","0","152","1","0","0.848100545601603","-0.0287032751704246","0.146765803229907","0.213089708089246","0.540604136668311"
"73","44233","Côte d’Ivoire","272","29567","198.428571428571","1.03115162121676","2","162","1.42857142857143","0.00758199721482914","0.752242437956977","0.0151639944296583","0.040617842222299","0.179132237621657","0.482110522791899"
"74","44240","Côte d’Ivoire","167","30884","188.142857142857","0.633096767438234","0","173","1.57142857142857","0","0.71324930942357","-0.0568649791112186","-0.0557818366519573","0.187160941879498","0.427619103549136"
"75","44247","Côte d’Ivoire","89","31914","147.142857142857","0.337398876059897","0","185","1.71428571428571","0","0.557818366519573","-0.042242555911191","-0.0541571229630653","0.139917913171472","0.368471936215052"
"76","44254","Côte d’Ivoire","153","32631","102.428571428571","0.580022786934429","2","192","1","0.00758199721482914","0.388306571645178","0.0346605586963618","0.0509076955852814","0.0678130118085246","0.0890095266522495"
"77","44261","Côte d’Ivoire","523","34935","329.142857142857","1.98269227167782","1","200","1.14285714285714","0.00379099860741457","1.24778011306902","0.200381354963342","0.0633638338667864","0.200842825172568","0.0619610005919057"
"78","44219","Democratic Republic of Congo","116","21713","145.714285714286","0.12952007909032","7","654","3.42857142857143","0.00781586684165723","0.162697636295722","-0.00334965721785309","-0.0228095705787139","0.0403544880457549","0.139093136185372"
"79","44226","Democratic Republic of Congo","149","22604","127.285714285714","0.166366308486704","6","671","2.42857142857143","0.00669931443570619","0.14212117052891","0.00526374705662629","0.0157912411698789","0.0332604714152331","0.0924869614791915"
"80","44233","Democratic Republic of Congo","114","23485","125.857142857143","0.127286974278418","1","679","1.14285714285714","0.00111655240595103","0.140526095663266","-0.00558276202975516","-0.00813488181478609","0.0355088482708083","0.0807900810568231"
"81","44240","Democratic Republic of Congo","88","24240","107.857142857143","0.0982566117236909","2","693","2","0.00223310481190206","0.120428152356147","-0.00414719465067526","-0.0004785224596933","0.030275557313866","0.0798833461403605"
"82","44247","Democratic Republic of Congo","116","25080","120","0.12952007909032","5","700","1","0.00558276202975516","0.133986288714124","0.00446620962380413","-0.00255211978503093","0.0300868576674365","0.062719009569833"
"83","44254","Democratic Republic of Congo","101","25792","101.714285714286","0.112771793001054","0","707","1","0","0.113569330433876","-0.0023926122984665","-0.0625269347332578","0.0222361579203947","0.0213798197623838"
"84","44261","Democratic Republic of Congo","129","26469","96.7142857142857","0.144035260367683","1","712","0.714285714285714","0.00111655240595103","0.107986568404121","0.00446620962380413","0.0917168047745491","0.0198504353374638","0.0181219424652586"
"85","44219","Equatorial Guinea","0","5401","6.42857142857143","0","0","86","0","0","0.458206711302789","-0.407294854491368","-0.773860223533599","0.210342920088408","0.387813571415333"
"86","44226","Equatorial Guinea","0","5516","16.4285714285714","0","0","86","0","0","1.17097270666268","0","0.12218845634741","0.28458159776667","0.260471801696866"
"87","44233","Equatorial Guinea","0","5578","8.85714285714286","0","0","86","0","0","0.63130702446162","0","-0.203647427245684","0.153426600535074","0.66565015989199"
"88","44240","Equatorial Guinea","31","5694","16.5714285714286","2.20957458561567","0","87","0.142857142857143","0","1.18115507802497","0.31565351223081","0.763677852171314","0.210342920088408","0.358872260115681"
"89","44247","Equatorial Guinea","51","5798","14.8571428571429","3.63510657633546","1","89","0.285714285714286","0.0712765995359893","1.05896662167756","0.203647427245684","0.203647427245684","0.207868297499133","0.542370245887151"
"90","44254","Equatorial Guinea","48","6005","29.5714285714286","3.42127677772749","0","91","0.285714285714286","0","2.10775087199283","-0.0305471140868525","-1.09969610712669","0.410027036275827","0.16897636111224"
"91","44261","Equatorial Guinea","119","6329","46.2857142857143","8.48191534478273","3","96","0.714285714285714","0.213829798607968","3.29908832138008","0.722948366722178","1.79209735976202","0.493984953227544","0.336327949521477"
"92","44219","Eritrea","0","1940","9","0","0","6","0","0","0.253776976845107","-1.58603289232165e-17","0.181269269175076","0.0616754405427657","0.735048457497355"
"93","44226","Eritrea","0","2135","27.8571428571429","0","0","7","0.142857142857143","0","0.78550016642533","0","-0.0926487375783722","0.190900173108561","0.144261846798546"
"94","44233","Eritrea","0","2326","27.2857142857143","0","0","7","0","0","0.769387342498657","6.34413156928661e-17","0.132930797395056","0.186984272121718","0.446524763900262"
"95","44240","Eritrea","0","2429","14.7142857142857","0","0","7","0","0","0.414905216111841","0","0.0684795016883621","0.100834450411188","0.437365281563847"
"96","44247","Eritrea","0","2685","36.5714285714286","0","0","7","0","0","1.0312207313071","0","-0.0402820598166835","0.248552153854869","0.235856670162703"
"97","44254","Eritrea","0","2847","23.1428571428571","0","0","7","0","0","0.652569369030274","-4.75809867696496e-17","-0.044310265798352","0.125132739257932","0.164549026487479"
"98","44261","Eritrea","22","2944","13.8571428571429","0.620343721176927","0","7","0","0","0.390735980221831","0.0886205315967039","0.136959003376724","0.057931823730524","0.104128680824108"
"99","44219","Ethiopia","417","133298","360.857142857143","0.362723543388364","3","2063","4.85714285714286","0.00260952189488032","0.31388820506989","-0.00360362547388235","-0.0223673305275456","0.0771600669254872","0.210502463420941"
"100","44226","Ethiopia","656","137021","531.857142857143","0.570615454347163","4","2091","4","0.00347936252650709","0.462630953078067","0.0296988444226855","0.00285804778963084","0.105215527658864","0.178432625033992"
"101","44233","Ethiopia","570","141453","633.142857142857","0.49580916002726","9","2145","7.71428571428571","0.00782856568464095","0.550733382767122","-0.0106866134742718","-0.00509478084238539","0.136441950046713","0.262986802455089"
"102","44240","Ethiopia","156","145704","607.285714285714","0.135695138533776","4","2181","5.14285714285714","0.00347936252650709","0.528241789292201","-0.0514448602133548","-0.0464743423183447","0.140881296362974","0.313069435530742"
"103","44247","Ethiopia","841","151857","879","0.731535971198115","12","2271","12.8571428571429","0.0104380875795213","0.764589915199933","0.0851201189520484","0.0663564138983852","0.159798467909601","0.292357504917358"
"104","44254","Ethiopia","1006","158053","885.142857142857","0.875059675416533","14","2354","11.8571428571429","0.0121777688427748","0.769933221937069","0.0205033863169168","0.00832561747414197","0.143706114113396","0.122003488088164"
"105","44261","Ethiopia","956","165029","996.571428571429","0.831567643835194","16","2420","9.42857142857143","0.0139174501060284","0.866858320889766","-0.00621314736876266","-0.0290775296858093","0.167414882732668","0.122856104695963"
"106","44219","Gabon","0","10278","54.1428571428571","0","0","67","0.142857142857143","0","2.43258435836704","0","-0.500637414123033","0.59119118615437","0.747965952348042"
"107","44226","Gabon","0","10748","67.1428571428571","0","0","68","0.142857142857143","0","3.01666134151058","0","-0.346595132854407","0.733139465679561","1.38282485824345"
"108","44233","Gabon","0","11457","101.285714285714","0","0","71","0.428571428571429","0","4.55066572581064","0","-0.744537692798357","1.10594868333364","1.71484876879795"
"109","44240","Gabon","0","12577","160","0","0","73","0.285714285714286","0","7.18863979253586","0","-0.500637414123033","1.74705574800236","2.58686761080372"
"110","44247","Gabon","0","13553","139.428571428571","0","0","75","0.285714285714286","0","6.2643861049241","0","-0.256737135447709","1.37565018466745","4.0864481299015"
"111","44254","Gabon","0","14564","144.428571428571","0","0","83","1.14285714285714","0","6.48903109844085","0","0.744537692798357","1.24429719660982","0.999590682976658"
"112","44261","Gabon","371","15625","151.571428571429","16.6686585189425","2","90","1","0.0898579974066982","6.80995251775048","2.3812369312775","4.4993182987211","0.849223605994834","1.0354366603375"
"113","44219","Gambia","0","3958","8.71428571428571","0","0","128","0.142857142857143","0","0.360590934058204","0","-0.0236453071513576","0.0876344457651141","0.18817947980356"
"114","44226","Gambia","71","4090","18.8571428571429","2.93792941355619","0","128","0","0","0.780295135994802","0.419704201936598","0.466994816239313","0.0876344457651141","0.204981219071735"
"115","44233","Gambia","53","4237","21","2.19310223828842","2","134","0.857142857142857","0.0827585750297517","0.868965037812393","-0.106403882181109","-0.106403882181109","0.237043992643341","0.443565916679819"
"116","44240","Gambia","0","4302","9.28571428571429","0","0","135","0.142857142857143","0","0.384236241209562","-0.313300319755489","-0.313300319755489","0.16952237049645","0.493971134484344"
"117","44247","Gambia","11","4554","36","0.455172162663634","1","144","1.28571428571429","0.0413792875148759","1.48965435053553","0.0650245946662335","-0.130049189332467","0.336225257924781","0.218422610486275"
"118","44254","Gambia","0","4691","19.5714285714286","0","0","148","0.571428571428571","0","0.809851769933999","-0.0650245946662335","0.0118226535756788","0.167760978694312","0.237700005189735"
"119","44261","Gambia","0","4759","9.71428571428571","0","0","152","0.571428571428571","0","0.40197022157308","0","0.118226535756788","0.0770793685892783","0.129225796472197"
"120","44219","Ghana","635","60115","447.714285714286","2.04357875373235","0","361","2.85714285714286","0","1.44084945201286","0.291939821961764","0.291939821961764","0.279219606357266","0.315969514253842"
"121","44226","Ghana","1544","65427","758.857142857143","4.96895369411456","15","405","6.28571428571429","0.0482735138676932","2.44218005395416","0.417910705768887","0.417910705768887","0.491958354058039","0.819064067552971"
"122","44233","Ghana","0","70046","659.857142857143","0","0","449","6.28571428571429","0","2.12357486242738","-0.709850527730651","-1.07351099886727","0.688607616638586","1.3882796192857"
"123","44240","Ghana","1489","75836","827.142857142857","4.79195080993302","28","533","12","0.090110559219694","2.66193947898994","0.684564401419002","0.685024149170123","0.480561635431212","1.20716558009801"
"124","44247","Ghana","490","79655","545.571428571429","1.57693478634465","4","572","5.57142857142857","0.0128729370313849","1.75577666153067","-0.459288003369767","-0.314927209517808","0.527106085297217","1.23329101260419"
"125","44254","Ghana","0","82586","418.714285714286","0","0","594","3.14285714285714","0","1.34752065853532","-0.225276398049235","-0.426186165289063","0.301590012230727","0.280164402841383"
"126","44261","Ghana","853","86092","500.857142857143","2.74515382194282","11","640","6.57142857142857","0.0354005768363084","1.61187561542983","0.392164831706117","0.811914528479488","0.233884332782262","0.215020126925398"
"127","44219","Guinea","38","14300","28.8571428571429","0.289351962015702","0","81","0","0","0.219733444838992","0.00543894665443049","-0.00761452531620269","0.0520800103529115","0.0964647540582752"
"128","44226","Guinea","24","14475","25","0.182748607588864","0","82","0.142857142857143","0","0.190363132905067","-0.0152290506324054","-0.00435115732354439","0.0499650860746206","0.124909489229305"
"129","44233","Guinea","36","14665","27.1428571428571","0.274122911383297","0","84","0.285714285714286","0","0.206679972868359","0.0130534719706332","0.0304581012648107","0.0470570651919708","0.108213666411527"
"130","44240","Guinea","35","14895","32.8571428571429","0.266508386067094","0","84","0","0","0.250191546103802","-0.00108778933088611","-0.00108778933088611","0.0610684385356475","0.117489123532515"
"131","44247","Guinea","179","15395","71.4285714285714","1.36300003160028","0","86","0.285714285714286","0","0.543894665443049","0.156641663647598","0.08919872513266","0.0906559155468497","0.126656085798278"
"132","44254","Guinea","0","15894","71.2857142857143","0","0","89","0.428571428571429","0","0.542806876112163","-0.194714290228611","-0.241489231456714","0.141422580011788","0.0867877603633381"
"133","44261","Guinea","120","16540","92.2857142857143","0.913743037944322","0","93","0.571428571428571","0","0.702711907752419","0.130534719706332","0.244752599449372","0.109717222841004","0.0866141848426114"
"134","44219","Guinea-Bissau","0","2510","4.57142857142857","0","0","45","0","0","0.232287919133607","0","0","0.0564529529960936","0.0949082027474644"
"135","44226","Guinea-Bissau","0","2532","3.14285714285714","0","0","45","0","0","0.159697944404355","0","0","0.0388114051848144","0.132046195126907"
"136","44233","Guinea-Bissau","20","2772","34.2857142857143","1.01625964620953","0","46","0.142857142857143","0","1.74215939350205","0.145179949458504","-0.508129823104764","0.388114051848144","0.0907817591497485"
"137","44240","Guinea-Bissau","16","2885","16.1428571428571","0.813007716967624","0","46","0","0","0.820266714440549","-0.0290359898917008","0.471834835740139","0.206406109391967","0.990346463451802"
"138","44247","Guinea-Bissau","27","3091","29.4285714285714","1.37195052238286","0","46","0","0","1.49535347942259","0.0798489722021773","-0.0508129823104765","0.329493855491286","0.41879779785993"
"139","44254","Guinea-Bissau","6","3247","22.2857142857143","0.304877893862859","0","48","0.285714285714286","0","1.13240360577633","-0.152438946931429","-0.0580719797834016","0.246373605268036","0.238609399349222"
"140","44261","Guinea-Bissau","9","3312","9.28571428571429","0.457316840794288","0","49","0.142857142857143","0","0.471834835740139","0.0217769924187756","0.195992931768981","0.0863003589074476","0.180694496594556"
"141","44219","Kenya","129","99898","116.571428571429","0.23990494854355","0","1740","1.71428571428571","0","0.216791182737029","-0.0249734940898048","-0.0178002564257119","0.0587560902345971","0.135621036990071"
"142","44226","Kenya","112","100675","111","0.208289567727733","2","1755","2.14285714285714","0.00371945656656667","0.20642983944445","-0.0045164829736881","-0.00504783391176905","0.0512663029079891","0.123236933389641"
"143","44233","Kenya","156","101690","145","0.2901176121922","0","1776","3","0","0.269660601076083","0.011689720637781","-0.00265675469040477","0.0626946852942789","0.117346932896754"
"144","44240","Kenya","179","102792","157.428571428571","0.332891362707717","1","1795","2.71428571428571","0.00185972828328333","0.292774366882605","0.00611053578793096","-0.0111583696997","0.0696679355638794","0.153291038468732"
"145","44247","Kenya","152","103993","171.571428571429","0.282678699059067","4","1817","3.14285714285714","0.00743891313313334","0.319076238317612","-0.00717323766409286","0.00185972828328333","0.0762096814760922","0.146985042573419"
"146","44254","Kenya","181","105648","236.428571428571","0.336610819274283","1","1854","5.28571428571429","0.00185972828328333","0.439692901261988","0.00770458860217382","-0.0411796977012738","0.0828354554411008","0.0509141086835019"
"147","44261","Kenya","633","108362","387.714285714286","1.17720800331835","1","1874","2.85714285714286","0.00185972828328333","0.721043222975853","0.120085312006295","0.1227420666967","0.115236039488173","0.0701605744139847"
"148","44219","Lesotho","101","7656","183.571428571429","4.71467135706447","10","123","4.28571428571429","0.466799144263809","8.56909857684277","0.673524479580639","0.433456348244966","1.91886205297461","4.42765855325039"
"149","44226","Lesotho","39","8649","141.857142857143","1.82051666262885","1","164","5.85714285714286","0.0466799144263809","6.62187928934232","-0.413450670633659","-2.28731580689266","1.70979684618937","4.8711825692866"
"150","44233","Lesotho","164","9380","104.428571428571","7.65550596592646","3","183","2.71428571428571","0.140039743279143","4.87471677795492","0.833569900471087","1.40039743279143","0.982120273735317","3.76426793097401"
"151","44240","Lesotho","0","9852","67.4285714285714","0","0","225","6","0","3.14755994417882","-1.09364370941807","0.333427960188435","1.03074008926677","2.77107739933736"
"152","44247","Lesotho","6","10461","87","0.280079486558285","0","285","8.57142857142857","0","4.06115255509514","0.0400113552226119","0.260073808946979","0.977258292182172","1.78925927836831"
"153","44254","Lesotho","0","10491","4.28571428571429","0","0","292","1","0","0.200056776113061","-0.0400113552226122","-0.193388216909292","0.0460340069703334","0.648026827884858"
"154","44261","Lesotho","0","10523","4.57142857142857","0","0","307","2.14285714285714","0","0.213393894520598","3.96508223080413e-18","0.146708302482911","0.0409191173069631","0.0319225038366925"
"155","44219","Liberia","2","1914","3.85714285714286","0.0395438146454867","0","84","0","0","0.0762630711020101","-0.00847367456689002","-0.0282455818896334","0.0205935785990528","0.173409765006695"
"156","44226","Liberia","0","1939","3.57142857142857","0","0","84","0","0","0.0706139547240835","-0.00564911637792668","0.01694734913378","0.0185342207391475","0.0433524412516737"
"157","44233","Liberia","0","1956","2.42857142857143","0","0","84","0","0","0.0480174892123768","0","-0.0225964655117067","0.0116696945394633","0.0401411493071053"
"158","44240","Liberia","0","1956","0","0","0","84","0","0","0","0","0.0310701400785967","0","0.0272959815288316"
"159","44247","Liberia","0","1988","4.57142857142857","0","0","85","0.142857142857143","0","0.0903858620468268","0","-0.00847367456689001","0.021531986354788","0"
"160","44254","Liberia","0","2010","3.14285714285714","0","0","85","0","0","0.0621402801571935","0","0.00564911637792667","0.01191564275516","0.0144226208381062"
"161","44261","Liberia","1","2024","2","0.0197719073227434","0","85","0","0","0.0395438146454867","0.00282455818896334","-0.0112982327558533","0.0070410616280491","0.00991555182619805"
"162","44219","Madagascar","0","18301","42.8571428571429","0","0","273","0.857142857142857","0","0.154769112703415","0","0","0.0376135507919702","0.0686243373089108"
"163","44226","Madagascar","0","18743","63.1428571428571","0","0","279","0.857142857142857","0","0.228026492716364","0","0","0.0554172981668361","0.0879799196268087"
"164","44233","Madagascar","0","19065","46","0","0","281","0.285714285714286","0","0.166118847634998","0","0","0.040371877850048","0.129623748250165"
"165","44240","Madagascar","0","19360","42.1428571428571","0","0","285","0.571428571428571","0","0.152189627491691","0","0","0.0369866582787707","0.0944317803994413"
"166","44247","Madagascar","0","19598","34","0","0","292","1","0","0.122783496078042","0","0","0.0298400836282964","0.0865135876330285"
"167","44254","Madagascar","0","19831","33.2857142857143","0","0","297","0.714285714285714","0","0.120204010866319","0","0","0.0230495911443782","0.0195922212723188"
"168","44261","Madagascar","324","20155","46.2857142857143","1.17005449203782","3","300","0.428571428571429","0.010833837889239","0.167150641719688","0.167150641719688","0.167150641719688","0","0.0191806199850852"
"169","44219","Malawi","1074","18439","950.571428571429","5.61423259190614","25","470","24.2857142857143","0.130685116198932","4.96902150392969","0.382347311393448","0.319618455617961","1.11469982410369","1.47686832648391"
"170","44226","Malawi","477","23497","722.571428571429","2.49347201707563","44","687","31","0.230005804510121","3.77717324419543","-0.445822939261501","0.00224031627769586","1.02631512623028","2.82468578454267"
"171","44233","Malawi","515","26875","482.571428571429","2.69211339369801","58","837","21.4285714285714","0.303189469581523","2.52259612868568","0.0283773395174825","0.207602641733161","0.606170207181103","2.14716872531062"
"172","44240","Malawi","246","28876","285.857142857143","1.2859415433975","11","937","14.2857142857143","0.0575014511275303","1.49429095722322","-0.200881692900073","-0.114256130162495","0.411977955179971","1.4339928734874"
"173","44247","Malawi","251","30528","236","1.31207856663728","7","1004","9.57142857142857","0.0365918325357011","1.23366749691792","0.00373386046282663","-0.0560079069423996","0.282062571616623","0.774327505014175"
"174","44254","Malawi","123","31798","181.428571428571","0.642970771698748","4","1041","5.28571428571429","0.0209096185918292","0.948400557557967","-0.095586827848362","0.103801320866581","0.200188681060449","0.196852894306908"
"175","44261","Malawi","115","32398","85.7142857142857","0.601151534515089","9","1067","3.71428571428571","0.0470466418316157","0.448063255539197","-0.00597417674052263","0.123217395273279","0.0870634607187076","0.151333641507127"
"176","44219","Mali","28","7965","20.2857142857143","0.138265917258811","2","323","2.14285714285714","0.00987613694705793","0.100172246177302","0.00352719176680641","0.0141087670672256","0.0234876558982928","0.103461326390923"
"177","44226","Mali","6","8069","14.8571428571429","0.0296284108411738","1","330","1","0.00493806847352897","0.0733655887495732","-0.0155196437739482","-0.00211631506008385","0.021601785716678","0.0569438308043066"
"178","44233","Mali","15","8160","13","0.0740710271029345","2","338","1.14285714285714","0.00987613694705793","0.0641948901558766","0.00634894518025153","0.000705438353361279","0.014058304990219","0.0417053408707598"
"179","44240","Mali","4","8226","9.42857142857143","0.0197522738941159","2","342","0.571428571428571","0.00987613694705793","0.0465589313218445","-0.00775982188697409","0","0.0132010912713032","0.0364921732619148"
"180","44247","Mali","32","8292","9.42857142857143","0.158018191152927","3","347","0.714285714285714","0.0148142054205869","0.0465589313218445","0.0197522738941159","0.0197522738941159","0.00637013558714152","0.0253130587162161"
"181","44254","Mali","7","8365","10.4285714285714","0.0345664793147028","2","352","0.714285714285714","0.00987613694705793","0.0514969997953735","-0.017635958834032","-0.0211631506008384","0.0132565163135959","0.00742927929076456"
"182","44261","Mali","51","8560","27.8571428571429","0.251841492149977","0","358","0.857142857142857","0","0.13756047890545","0.0310392875478964","0.00987613694705794","0.0204258567689079","0.00821723315493656"
"183","44219","Mauritania","35","16357","51.1428571428571","0.752743535115916","3","416","2.14285714285714","0.0645208744385071","1.09992728804693","-0.00307242259230986","0.0399414937000282","0.268062114687966","0.995531654639239"
"184","44226","Mauritania","32","16608","35.8571428571429","0.688222660677409","1","422","0.857142857142857","0.021506958146169","0.771178070669775","-0.0092172677769296","0.0614484518461972","0.18965954632519","0.625263740983943"
"185","44233","Mauritania","15","16792","26.2857142857143","0.322604372192535","0","425","0.428571428571429","0","0.565325756985015","-0.0522311840692676","-0.0645208744385071","0.15008491658017","0.43838323739377"
"186","44240","Mauritania","11","16965","24.7142857142857","0.236576539607859","1","428","0.428571428571429","0.021506958146169","0.531529108469606","-0.0122896903692395","0.0122896903692394","0.132164329525822","0.321364604304596"
"187","44247","Mauritania","12","17083","16.8571428571429","0.258083497754028","1","434","0.857142857142857","0.021506958146169","0.362545865892564","0.00307242259230986","0.0522311840692676","0.0853148155092535","0.288333412816851"
"188","44254","Mauritania","9","17196","16.1428571428571","0.193562623315521","1","440","0.857142857142857","0.021506958146169","0.347183752931014","-0.00921726777692958","0.00614484518461973","0.0683412953657023","0.0578504363600848"
"189","44261","Mauritania","24","17309","16.1428571428571","0.516166995508057","0","442","0.285714285714286","0","0.347183752931014","0.0460863388846479","0.0153621129615493","0.0577366116020588","0.0553991466838101"
"190","44219","Mauritius","0","556","1.28571428571429","0","0","10","0","0","0.101096606119535","0","0","0.0245695168935929","0.0510838148262788"
"191","44226","Mauritius","0","569","1.85714285714286","0","0","10","0","0","0.14602843106155","0","0","0.0354893021796342","0.0574692916795637"
"192","44233","Mauritius","0","584","2.14285714285714","0","0","10","0","0","0.168494343532558","0","0","0.0409491948226548","0.0830111990927031"
"193","44240","Mauritius","0","595","1.57142857142857","0","0","10","0","0","0.123562518590543","0","0","0.0300294095366135","0.0957821527992728"
"194","44247","Mauritius","0","603","1.14285714285714","0","0","10","0","0","0.089863649884031","0","0","0.0218395705720826","0.0702402453861334"
"195","44254","Mauritius","0","610","1","0","0","10","0","0","0.0786306936485271","0","0","0.0150777443026674","0.0143392928944379"
"196","44261","Mauritius","14","639","4.14285714285714","1.10082971107938","0","10","0","0","0.325755730829612","0.157261387297054","0.101096606119535","0.0323094520771444","0.0125468812826332"
"197","44219","Mozambique","780","31628","823.714285714286","2.49556597116629","7","297","9","0.0223961048694411","2.63542736075913","-0.0356509424452327","0.0155401543992041","0.649152390111817","1.16945817313035"
"198","44226","Mozambique","597","37705","868.142857142857","1.91006780100805","7","363","9.42857142857143","0.0223961048694411","2.77757406717538","-0.0836425957368923","-0.381647909509864","0.695361732049962","1.49813282076641"
"199","44233","Mozambique","928","44112","915.285714285714","2.96908361697734","15","451","12.5714285714286","0.0479916532916595","2.9284049775206","0.151287973709898","0.415927661861049","0.674922984654244","1.57893741793227"
"200","44240","Mozambique","547","49135","717.571428571429","1.75009562336918","11","525","10.5714285714286","0.0351938790805503","2.29582928080006","-0.174141141944022","-0.220761605141634","0.600277124600319","1.66467863035907"
"201","44247","Mozambique","764","54968","833.285714285714","2.44437487432186","4","587","8.85714285714286","0.0127977742111092","2.66605060619286","0.0991827501360963","0.154487417262676","0.607959636976535","1.20285661178705"
"202","44254","Mozambique","554","58772","543.428571428571","1.77249172823862","17","630","6.14285714285714","0.0543905403972141","1.73866903925212","-0.095983306583319","-0.0703877581611006","0.351801792293026","0.425414286676849"
"203","44261","Mozambique","602","62131","479.857142857143","1.92606501877194","6","686","8","0.0191966613166638","1.53527584196842","0.0219390415047586","0.141689643051566","0.290188274609419","0.277434587093902"
"204","44219","Namibia","365","32213","287.857142857143","14.3649605160366","6","317","5.28571428571429","0.236136337249917","11.328921894252","0.314848449666556","0.236136337249917","2.67675121797906","7.91020982236732"
"205","44226","Namibia","136","33832","231.285714285714","5.35242364433145","8","350","4.71428571428571","0.314848449666556","9.10249357160989","-1.28750526738645","-0.74776506795807","2.52508231282557","6.44002941093743"
"206","44233","Namibia","229","34844","144.571428571429","9.01253687170516","1","371","3","0.0393560562083195","5.68976126897419","0.522873318196244","1.31561673610668","1.25570922374822","5.17439583935866"
"207","44240","Namibia","243","35797","136.142857142857","9.56352165862163","2","386","2.14285714285714","0.0787121124166389","5.35804593807549","0.078712112416639","-0.511628730708153","1.2830369544065","3.23439690514575"
"208","44247","Namibia","302","37295","214","11.8855289749125","3","402","2.28571428571429","0.118068168624958","8.42219602858037","0.331715330898693","-0.297981568434419","1.87599556735325","2.48719501538102"
"209","44254","Namibia","218","38642","192.428571428571","8.57962025341365","2","420","2.57142857142857","0.0787121124166389","7.57322967322948","-0.472272674499834","0.0618452311845021","1.54275667117741","1.3439064162655"
"210","44261","Namibia","201","39877","176.428571428571","7.91056729787221","0","437","2.42857142857143","0","6.94353277389636","-0.0955789936487759","-0.0506006436964108","1.3497773251671","1.20843921409187"
"211","44219","Niger","13","4321","27","0.0537042640028911","1","151","1.85714285714286","0.00413109723099162","0.111539625236774","-0.00826219446198325","-0.00472125397827615","0.029115446561","0.105005242555401"
"212","44226","Niger","27","4516","27.8571428571429","0.111539625236774","0","159","1.14285714285714","0","0.115080565720481","0.00826219446198325","0.0236062698913807","0.0259600779681823","0.0634057215430376"
"213","44233","Niger","9","4598","11.7142857142857","0.0371798750789246","0","165","0.857142857142857","0","0.0483928532773304","-0.0106228214511213","-0.0100326647038368","0.0143425845128079","0.065418601592023"
"214","44240","Niger","12","4690","13.1428571428571","0.0495731667718995","0","169","0.571428571428571","0","0.0542944207501756","0.00177047024185355","0.00236062698913807","0.012764900216399","0.0275093606694661"
"215","44247","Niger","8","4733","6.14285714285714","0.033048777847933","0","170","0.142857142857143","0","0.0253767401332343","-0.00236062698913807","0.00118031349456904","0.0065291879226586","0.0279684367196267"
"216","44254","Niger","0","4740","1","0","0","172","0.285714285714286","0","0.00413109723099162","-0.00472125397827614","-0.000590156747284518","0.00169747310900453","0.00404929590491902"
"217","44261","Niger","0","4740","0","0","0","172","0","0","0","0","0","0","0.000659187705451934"
"218","44219","Nigeria","2464","120602","1665.57142857143","1.19530654541084","12","1502","11.7142857142857","0.00582129811076707","0.807982317540872","0.0600148114752891","0.0866264599816528","0.181778607428305","0.389221450578685"
"219","44226","Nigeria","1883","130557","1422.14285714286","0.913458695214533","1","1578","10.8571428571429","0.000485108175897256","0.689893127293883","-0.0402639785994722","-0.0518372736530211","0.177450144340278","0.459304948613045"
"220","44233","Nigeria","1588","139242","1240.71428571429","0.770351783324842","6","1647","9.85714285714286","0.00291064905538353","0.601880643952524","-0.0204438445556701","-0.0186420141880517","0.151243574048566","0.392176066853321"
"221","44240","Nigeria","1143","145664","917.428571428571","0.554478645050563","13","1747","14.2857142857143","0.00630640628666432","0.44505210080174","-0.0308390197534684","0.0120584032294461","0.115655860021326","0.342144564602822"
"222","44247","Nigeria","645","151553","841.285714285714","0.31289477345373","18","1831","12","0.0087319471661506","0.408114578265563","-0.0345119816566905","-0.0107416810377249","0.105219155503402","0.220605107504699"
"223","44254","Nigeria","341","155417","552","0.165421887980964","3","1905","10.5714285714286","0.00145532452769177","0.267779713095285","-0.021067555067538","-0.016770882652448","0.055387598020568","0.0651217091648515"
"224","44261","Nigeria","195","158237","402.857142857143","0.0945960942999649","10","1964","8.42857142857143","0.00485108175897256","0.195429293718609","-0.010117970525857","0.00575199694278175","0.0394144951365174","0.0427288646990977"
"225","44219","Republic of the Congo","0","7794","12.1428571428571","0","0","117","0.428571428571429","0","0.220055558073969","0","1.42130001626599","0.0534801212340863","0.856516373114007"
"226","44226","Republic of the Congo","0","7887","13.2857142857143","0","0","117","0","0","0.240766669422107","0","0","0.0585135444090591","0.125092597447922"
"227","44233","Republic of the Congo","0","8060","24.7142857142857","0","0","122","0.714285714285714","0","0.44787778290349","0","0","0.108847776158787","0.136866018384197"
"228","44240","Republic of the Congo","0","8419","51.2857142857143","0","0","123","0.142857142857143","0","0.929411121747705","0","-0.168277779703623","0.225874864976906","0.254600227746947"
"229","44247","Republic of the Congo","0","8419","0","0","0","123","0","0","0","0","0.168277779703623","0","0.528332264515341"
"230","44254","Republic of the Congo","0","8820","57.2857142857143","0","0","128","0.714285714285714","0","1.03814445632543","0","0","0.199068276463051","0"
"231","44261","Republic of the Congo","0","9179","51.2857142857143","0","0","131","0.428571428571429","0","0.929411121747705","0","0","0.178218232544228","0.165653826048665"
"232","44219","Rwanda","204","12647","256.714285714286","1.575019815139","7","172","4.57142857142857","0.0540447975782989","1.98201022955517","-0.0805157188411392","-0.0981629996830327","0.501255858902713","0.870882028163322"
"233","44226","Rwanda","334","15118","353","2.57870891302169","5","193","3","0.0386034268416421","2.72540193501993","0.143384156840385","0.163237347787515","0.62750800304345","1.1266918679694"
"234","44233","Rwanda","151","16337","174.142857142857","1.16582349061759","4","217","3.42857142857143","0.0308827414733137","1.34450220914176","-0.201840774629157","-0.138972336629912","0.375807868546312","1.5492796915706"
"235","44240","Rwanda","67","17267","132.857142857143","0.517285919678004","0","236","2.71428571428571","0","1.02574819893506","-0.092648224419941","-0.0198531909471302","0.271803979105536","0.764294594910792"
"236","44247","Rwanda","59","17988","103","0.455520436731377","2","247","1.57142857142857","0.0154413707366568","0.795230592937827","-0.00882364042094677","0.0330886515785504","0.190093171523223","0.552879666659579"
"237","44254","Rwanda","101","18790","114.571428571429","0.779789222201171","3","261","2","0.0231620561049853","0.884569952199913","0.0463241122099705","-1.58603289232165e-17","0.160736931746242","0.126892735888968"
"238","44261","Rwanda","83","19509","102.714285714286","0.640816885571259","0","267","0.857142857142857","0","0.793024682832591","-0.0198531909471302","0.028676831368077","0.15587252460129","0.141148369185787"
"239","44219","Senegal","250","24459","245.857142857143","1.49307865472658","8","569","8.57142857142857","0.0477785169512504","1.46833620844825","-0.0784932778484829","-0.148454677669957","0.375926103297067","0.842934207147981"
"240","44226","Senegal","318","26213","250.571428571429","1.89919604881221","4","621","7.42857142857143","0.0238892584756252","1.49649140593738","0.0580167705836613","0.156986555696966","0.349592614538806","0.834689165996361"
"241","44233","Senegal","383","28489","325.142857142857","2.28739649904112","9","675","7.71428571428571","0.0537508315701568","1.94185543894725","0.0554572071755586","-0.105795287534912","0.458451524759965","0.850694245878918"
"242","44240","Senegal","265","30641","307.428571428571","1.58266337401017","6","741","9.42857142857143","0.0358338877134378","1.83606015141234","-0.100676160718706","-0.176609875159086","0.470685192765771","1.10386550947572"
"243","44247","Senegal","252","32630","284.142857142857","1.50502328396439","8","795","7.71428571428571","0.0477785169512504","1.69699053957209","-0.0110914414351117","0.145041926459153","0.402909565015974","0.9512768816309"
"244","44254","Senegal","224","34255","232.142857142857","1.33779847463501","9","866","10.1428571428571","0.0537508315701568","1.38643017938896","-0.0238892584756252","-0.0332743243053352","0.270434290765057","0.270784064718237"
"245","44261","Senegal","164","35632","196.714285714286","0.979459597500634","4","907","5.85714285714286","0.0238892584756252","1.17483960431914","-0.051191268162054","0.0076786902243081","0.235096234621528","0.221228811044311"
"246","44219","Seychelles","61","1033","48.1428571428571","62.0252778427405","0","3","0.142857142857143","0","48.9520342693292","3.05042350046265","-23.2413219082868","11.1554724190773","15.5237972061038"
"247","44226","Seychelles","24","1186","21.8571428571429","24.4033880037012","1","4","0.142857142857143","1.01680783348755","22.2245140747993","-5.37455569129133","23.2413219082868","6.70740430260976","27.8272322258351"
"248","44233","Seychelles","215","1504","45.4285714285714","218.613684199823","1","6","0.285714285714286","1.01680783348755","46.1921272927201","27.7443280280174","29.6326854330657","4.483370244376","12.6337285773079"
"249","44240","Seychelles","90","1892","55.4285714285714","91.5127050138794","1","8","0.285714285714286","1.01680783348755","56.3602056275956","-18.1572827408491","-23.0960636463601","18.1099916170464","26.2583378273459"
"250","44247","Seychelles","23","2328","62.2857142857143","23.3865801702136","0","10","0.285714285714286","0","63.3326022000816","-9.73230354909511","-8.42497919175398","17.5707631946837","26.6929311878956"
"251","44254","Seychelles","0","2592","37.7142857142857","0","0","11","0.142857142857143","0","38.3481811486733","-3.34094002431623","-4.0672313339502","7.99405270490104","10.1058073412982"
"252","44261","Seychelles","29","2979","55.2857142857143","29.4874271711389","0","15","0.571428571428571","0","56.2149473656688","4.21248959587699","5.37455569129133","9.97167549949328","6.11911270207049"
"253","44219","Sierra Leone","27","3120","21.4285714285714","0.338473831522519","0","77","0","0","0.268630025017872","0.0286538693352397","0.0537260050035745","0.0583214257868605","0.170011787184074"
"254","44226","Sierra Leone","146","3528","58.2857142857143","1.83026590378844","0","79","0.285714285714286","0","0.730673668048613","0.213113153180845","0.0555168718370269","0.125782776510468","0.152705198069528"
"255","44233","Sierra Leone","13","3772","34.8571428571429","0.162968881844176","0","79","0","0","0.436971507362406","-0.23818528884918","-0.114615477340959","0.164083414340645","0.415358138749116"
"256","44240","Sierra Leone","4","3821","7","0.0501442713366695","0","79","0","0","0.0877524748391717","-0.0161178015010723","0.0322356030021447","0.0252436022062531","0.248400455526432"
"257","44247","Sierra Leone","8","3849","4","0.100288542673339","0","79","0","0","0.0501442713366695","0.00716346733380993","-0.00716346733380993","0.00934368322965851","0.0469546139971169"
"258","44254","Sierra Leone","3","3887","5.42857142857143","0.0376082035025021","0","79","0","0","0.0680529396711943","-0.00895433416726242","0.0125360678341674","0.0147664471786519","0.00800138203380994"
"259","44261","Sierra Leone","9","3918","4.42857142857143","0.112824610507506","0","79","0","0","0.055516871837027","0.0107452010007149","-0.00537260050035744","0.00858514370851857","0.0108590184744563"
"260","44219","Somalia","10","4754","1.42857142857143","0.0629199038432861","0","130","0","0","0.00898855769189802","0.00898855769189802","0.00898855769189802","0","0.00919733030102208"
"261","44226","Somalia","0","4784","4.28571428571429","0","0","130","0","0","0.0269656730756941","-0.00898855769189802","-0.00898855769189802","0.00873795980051002","0.00510962794501227"
"262","44233","Somalia","40","4854","10","0.251679615373145","2","134","0.571428571428571","0.0125839807686572","0.0629199038432861","0.0359542307675921","0.0359542307675921","0.00655346985038252","0.0153288838350368"
"263","44240","Somalia","17","5092","34","0.106963836533586","2","148","2","0.0125839807686572","0.213927673067173","-0.0206736826913654","-0.0764027403811332","0.0570151876983279","0.0357673956150859"
"264","44247","Somalia","257","5889","113.857142857143","1.61704152877245","15","194","6.57142857142857","0.0943798557649292","0.716388048044272","0.215725384605552","0.27145444229532","0.121676090222102","0.115361052178951"
"265","44254","Somalia","304","6991","157.428571428571","1.9127650768359","8","231","5.28571428571429","0.0503359230746289","0.990539057647162","0.0422462211519207","0.0422462211519208","0.181838875498642","0.114312050091868"
"266","44261","Somalia","191","8041","150","1.20177016340677","20","294","9","0.125839807686572","0.943798557649292","-0.101570701918448","-0.101570701918448","0.200453660857745","0.158057564869811"
"267","44219","South Africa","12271","1404839","11311.4285714286","20.6900540207514","498","40574","531.857142857143","0.839674590688144","19.0721268189005","-0.409961604518422","0.341313509754762","4.73473362771146","15.2648149413735"
"268","44226","South Africa","5297","1449236","6342.42857142857","8.93123756400622","318","43951","482.428571428571","0.536177750680381","10.6939279411307","-1.67983092239217","-0.326138667754374","3.00719568246539","10.8417251693797"
"269","44233","South Africa","3184","1473700","3494.85714285714","5.3685218810262","278","46180","318.428571428571","0.468734008456434","5.89265610630945","-0.508959383282859","0.0672028717160046","1.55578516386449","6.07906128245705"
"270","44240","South Africa","2382","1490063","2337.57142857143","4.01627484943606","151","47821","234.428571428571","0.254600126895401","3.94136412146589","-0.19317814737002","0.0399845043184829","1.0048181637406","3.3497343337169"
"271","44247","South Africa","1690","1502367","1757.71428571429","2.84949810896177","81","48940","159.857142857143","0.136573578003493","2.9636707297266","-0.166682391496327","0.0428749504137951","0.737167391167366","2.00590133249694"
"272","44254","South Africa","1447","1512225","1408.28571428571","2.43977737495129","157","49941","143","0.264716688228993","2.37450146729883","-0.0585315334300685","0.00337218711119736","0.466543632807302","0.472904702747602"
"273","44261","South Africa","1227","1520206","1140.14285714286","2.06883679271958","81","50647","100.857142857143","0.136573578003493","1.92238752389044","-0.0529915117473871","0.0291453314610629","0.378786687719303","0.378892600754702"
"274","44219","South Sudan","0","3788","16.8571428571429","0","0","64","0.142857142857143","0","0.1505945773828","0","7.93016446160826e-18","0.0365990131134109","0.0587640356777229"
"275","44226","South Sudan","0","3929","20.1428571428571","0","0","64","0","0","0.179947757720126","0","0","0.0437327190592452","0.0856068667897691"
"276","44233","South Sudan","0","4355","60.8571428571429","0","0","66","0.285714285714286","0","0.54367194885655","0","-0.112307820421071","0.132128640561975","0.102292950994555"
"277","44240","South Sudan","176","5310","136.428571428571","1.572309485895","2","74","1.14285714285714","0.0178671532488068","1.21879509661504","0.224615640842143","0.114860270885187","0.241615518774128","0.309055298749505"
"278","44247","South Sudan","140","6417","158.142857142857","1.25070072741648","2","85","1.57142857142857","0.0178671532488068","1.4127813318878","-0.0459441083540746","-0.0701923877631696","0.341884263312773","0.600991710832989"
"279","44254","South Sudan","174","7771","193.428571428571","1.55444233264619","3","93","1.14285714285714","0.0268007298732102","1.72800896420603","0.0433916578899594","-0.0268007298732102","0.323031984253108","0.225433591222664"
"280","44261","South Sudan","150","8677","129.428571428571","1.34003649366051","2","102","1.28571428571429","0.0178671532488068","1.15626006024421","-0.0306294055693831","0.141661000758397","0.227590716178326","0.275733588541542"
"281","44219","Sudan","0","28522","49","0","0","1603","3.85714285714286","0","0.111746469609749","-0.0267148994402316","0.0149864070030568","0.0336502784471432","0.351878361021872"
"282","44226","Sudan","0","29291","109.857142857143","0","6","1804","28.7142857142857","0.013683241176704","0.250533630116319","0","-0.0733030777323429","0.0608872097078897","0.0635233041213168"
"283","44233","Sudan","0","29634","49","0","0","1831","3.85714285714286","0","0.111746469609749","0","0.054732964706816","0.0271577541349885","0.142418136645168"
"284","44240","Sudan","0","29933","42.7142857142857","0","0","1849","2.57142857142857","0","0.097411645519869","0","0.0185701130255269","0.0236739606016372","0.0635233041213168"
"285","44247","Sudan","0","30128","27.8571428571429","0","0","1864","2.14285714285714","0","0.0635293340346972","0","-0.00423528893564649","0.0152223701740339","0.0553745420765998"
"286","44254","Sudan","32","30316","26.8571428571429","0.0729772862757547","2","1880","2.28571428571429","0.00456108039223467","0.0612487938385799","0.0104253266108221","-0.000977374369764573","0.00974559943297004","0.0101371992934597"
"287","44261","Sudan","0","30479","23.2857142857143","0","0","1895","2.14285714285714","0","0.0531040074238751","-0.0104253266108221","0.00521266330541105","0.0121819992912126","0.00977329983164317"
"288","44219","Swaziland","111","14330","227.714285714286","9.56761285473433","0","458","14","0","19.6277669117716","-1.1451582953543","-1.10821770518158","5.04844580244718","10.8915937895164"
"289","44226","Swaziland","195","15666","190.857142857143","16.8079685285873","11","562","14.8571428571429","0.948141814433132","16.4508761569177","1.03433652483614","1.20672594564217","3.74668295475036","11.1575838692089"
"290","44233","Swaziland","44","16181","73.5714285714286","3.79256725773253","4","604","6","0.344778841612048","6.34146797965017","-1.85934303869354","-0.677244153166523","1.99304380819788","9.35165122287524"
"291","44240","Swaziland","33","16488","43.8571428571429","2.8444254432994","0","630","3.71428571428571","0","3.78025372767495","-0.135448830633305","0.270897661266609","0.951633530040428","3.6048655537281"
"292","44247","Swaziland","22","16764","39.4285714285714","1.89628362886626","1","645","2.14285714285714","0.086194710403012","3.39853429589019","-0.135448830633305","0.184702950863597","0.838028336334891","1.98276804989887"
"293","44254","Swaziland","30","17002","34","2.58584131209036","0","650","0.714285714285714","0","2.93062015370241","0.0985082404605851","0.184702950863597","0.543068581529653","0.54229467357993"
"294","44261","Swaziland","18","17173","24.4285714285714","1.55150478725422","4","658","1.14285714285714","0.344778841612048","2.10561363984501","-0.147762360690878","-0.147762360690878","0.432093697477941","0.467630914173998"
"295","44219","São Tomé and Príncipe","6","1188","8.28571428571429","2.73773835434547","0","17","0","0","3.78068629885804","0.065184246532035","-0.26073698612814","0.902978783826485","2.37149324514118"
"296","44226","São Tomé and Príncipe","11","1256","9.71428571428571","5.0191869829667","0","17","0","0","4.43252876417839","0.325921232660176","0.195552739596105","0.99802918212401","2.14916575340919"
"297","44233","São Tomé and Príncipe","5","1351","13.5714285714286","2.28144862862123","0","18","0.142857142857143","0","6.19250342054334","-0.391105479192211","-2.67255410781344","1.60001503800833","2.5197115729625"
"298","44240","São Tomé and Príncipe","4","1482","18.7142857142857","1.82515890289698","0","19","0.142857142857143","0","8.5391362956966","-0.0651842465320351","5.07530525542929e-16","2.09110876254554","3.52018528575644"
"299","44247","São Tomé and Príncipe","0","1578","13.7142857142857","0","1","21","0.285714285714286","0.456289725724246","6.25768766707537","-0.26073698612814","0.847395204916456","1.48390137132178","4.74753698465466"
"300","44254","São Tomé and Príncipe","41","1786","29.7142857142857","18.7078787546941","0","28","1","0","13.5583232786633","2.67255410781344","2.93329109394158","2.08738898870197","0.998521831863086"
"301","44261","São Tomé and Príncipe","21","1944","22.5714285714286","9.58208424020916","0","31","0.428571428571429","0","10.2991109520615","-1.3036849306407","-1.23850068410867","2.22488167658055","2.16346396903669"
"302","44219","Togo","91","4636","52","1.09920321054307","0","74","0.142857142857143","0","0.628116120310328","0.0672981557475351","0.0931820618042794","0.136295638236004","0.333516051881238"
"303","44226","Togo","119","5041","57.8571428571429","1.43741958301787","1","77","0.428571428571429","0.012079156159814","0.698865463532096","0.048316624639256","0.117340374123907","0.158102940353765","0.357058361425796"
"304","44233","Togo","80","5436","56.4285714285714","0.96633249278512","0","79","0.285714285714286","0","0.681609526160933","-0.0672981557475351","-0.18118734239721","0.182007098444387","0.397276473564415"
"305","44240","Togo","66","5823","55.2857142857143","0.797224306547724","0","80","0.142857142857143","0","0.667804776264003","-0.024158312319628","-0.0310606872680932","0.1681678490235","0.38746717792085"
"306","44247","Togo","86","6268","63.5714285714286","1.038807429744","0","81","0.142857142857143","0","0.767889213016747","0.0345118747423257","-0.012079156159814","0.169650021270398","0.333051371191244"
"307","44254","Togo","121","6851","83.2857142857143","1.46157789533749","1","83","0.285714285714286","0.012079156159814","1.00602114873879","0.06039578079907","0.0672981557475351","0.181327377927538","0.122529947872541"
"308","44261","Togo","93","7521","95.7142857142857","1.1233615228627","2","90","1","0.024158312319628","1.15614780386791","-0.048316624639256","-0.0690237494846514","0.230960784294565","0.160527999122902"
"309","44219","Uganda","109","39044","137","0.23829820799529","0","317","1.85714285714286","0","0.299512426562887","0.0340426011421842","-0.00624634883342832","0.0645171545393034","0.094273586112859"
"310","44226","Uganda","43","39533","69.8571428571429","0.0940075499430959","0","324","1","0","0.152723228977322","-0.0206129511503134","-0.000936952325014248","0.0421259067874275","0.170260582075766"
"311","44233","Uganda","32","39821","41.1428571428571","0.069959106934397","0","327","0.428571428571429","0","0.0899474232013675","-0.00343549185838557","0.000312317441671416","0.0226948578908844","0.0868169182847233"
"312","44240","Uganda","40","40019","28.2857142857143","0.0874488836679962","0","328","0.142857142857143","0","0.0618388534509402","0.00249853953337132","0.00780793604178538","0.0144214816029031","0.0511314365357879"
"313","44247","Uganda","31","40199","25.7142857142857","0.0677728848426971","2","333","0.714285714285714","0.00437244418339981","0.0562171395008547","-0.00281085697504274","0.00437244418339981","0.0141213769250899","0.0300446992619798"
"314","44254","Uganda","13","40335","19.4285714285714","0.0284208871920988","0","334","0.142857142857143","0","0.0424751720673124","-0.00562171395008547","-0.00812025348345679","0.0092227667781543","0.00897041273118242"
"315","44261","Uganda","0","40452","16.7142857142857","0","0","334","0","0","0.0365411406755555","-0.0040601267417284","-0.00530939650841405","0.00778545247506532","0.00677764517467116"
"316","44219","Zambia","1259","44592","1216.85714285714","6.84836315145462","17","627","12.8571428571429","0.092471940885408","6.61912598707483","-0.417289346684572","-0.139096448894858","1.71006062467345","4.19957917760334"
"317","44226","Zambia","1728","53352","1251.42857142857","9.399500814705","17","745","16.8571428571429","0.092471940885408","6.80717816937961","0.364448237607196","0.220689337911394","1.56577721028908","3.76270279108291"
"318","44233","Zambia","1000","61427","1153.57142857143","5.43952593443576","11","839","13.4285714285714","0.0598347852787934","6.2748817029384","-0.565710697181319","-0.658182638066727","1.662469760243","3.86960277646"
"319","44240","Zambia","773","68454","1003.85714285714","4.20475354731884","9","940","14.4285714285714","0.0489557334099219","5.46050696304001","-0.176396055302417","0.0885865652179539","1.36993702610505","3.56701397487609"
"320","44247","Zambia","691","73894","777.142857142857","3.75871242069511","14","1016","10.8571428571429","0.0761533630821007","4.22728872619008","-0.0637201609462474","0.205924910375068","1.01351802439636","2.85846236299709"
"321","44254","Zambia","563","78202","615.428571428571","3.06245310108733","15","1081","9.28571428571429","0.0815928890165364","3.34763967507847","-0.0994656170868254","0.108790518688715","0.660995977117561","0.674536715039065"
"322","44261","Zambia","670","82011","544.142857142857","3.64448237607196","3","1116","5","0.0163185778033073","2.95987918346655","0.0831470392835181","-0.061388935545775","0.551624686043556","0.534173560365495"
"323","44219","Region","22932","2342192","17461.8571428571","2.16042962432389","631","55699","670.142857142857","0.0594466724641712","1.89899615984199","0.0088692228104797","0.0531884196464579","0.459357712320447","1.28034712501046"
"324","44226","Region","14619","2445803","12739.7142857143","1.37725975396786","456","60238","648.428571428571","0.0429598774067545","1.39445985526041","-0.111881410050861","-0.0349923813463539","0.366086247463356","1.07950175972567"
"325","44233","Region","11229","2525829","9838.42857142857","1.05788698114133","415","63343","443.571428571429","0.0390972568504454","1.07703858062435","-0.0456246818323614","-0.012651091717528","0.272840949379966","0.792693476402644"
"326","44240","Region","8516","2590033","8168.71428571429","0.802294552622634","251","65848","357.857142857143","0.0236467746252092","0.864096481523579","-0.0365132040740993","-0.0188285928859804","0.218875249468437","0.612252445614828"
"327","44247","Region","7390","2650360","7631","0.696213802710341","192","67836","284","0.0180883694344229","0.811917457492881","-0.0151543928446133","0.0197841540689001","0.19528374670582","0.444339019893544"
"328","44254","Region","6004","2701989","6415.28571428571","0.565638385855601","249","69553","245.285714285714","0.0234583541102672","0.694854483281117","-0.0186536309792486","-0.021453021486957","0.136817982972196","0.129555412495733"
"329","44261","Region","8114","2752247","6245.85714285714","0.764422029119311","181","70871","188.285714285714","0.0170520566022425","0.676402731425021","0.0283976633233872","0.0656241736326237","0.124257516630111","0.110875999001147"
"330","0","0","0","0","0","0","0","0","0","0","0","0","0","0","0"
"331","0","0","0","0","0","0","0","0","0","0","0","0","0","0","0"
"332","0","0","0","0","0","0","0","0","0","0","0","0","0","0","0"
"333","0","0","0","0","0","0","0","0","0","0","0","0","0","0","0"
"334","0","0","0","0","0","0","0","0","0","0","0","0","0","0","0"
"335","0","0","0","0","0","0","0","0","0","0","0","0","0","0","0"
"336","0","0","0","0","0","0","0","0","0","0","0","0","0","0","0"
"337","0","0","0","0","0","0","0","0","0","0","0","0","0","0","0"
"338","0","0","0","0","0","0","0","0","0","0","0","0","0","0","0"
"339","0","0","0","0","0","0","0","0","0","0","0","0","0","0","0"
"340","0","0","0","0","0","0","0","0","0","0","0","0","0","0","0"
"341","0","0","0","0","0","0","0","0","0","0","0","0","0","0","0"
"342","0","0","0","0","0","0","0","0","0","0","0","0","0","0","0"
"343","0","0","0","0","0","0","0","0","0","0","0","0","0","0","0"
"344","0","0","0","0","0","0","0","0","0","0","0","0","0","0","0"
"345","0","0","0","0","0","0","0","0","0","0","0","0","0","0","0"
"346","0","0","0","0","0","0","0","0","0","0","0","0","0","0","0"
"347","0","0","0","0","0","0","0","0","0","0","0","0","0","0","0"
"348","0","0","0","0","0","0","0","0","0","0","0","0","0","0","0"
"349","0","0","0","0","0","0","0","0","0","0","0","0","0","0","0"
"350","0","0","0","0","0","0","0","0","0","0","0","0","0","0","0"
"351","0","0","0","0","0","0","0","0","0","0","0","0","0","0","0"
"352","0","0","0","0","0","0","0","0","0","0","0","0","0","0","0"
"353","0","0","0","0","0","0","0","0","0","0","0","0","0","0","0"
"354","0","0","0","0","0","0","0","0","0","0","0","0","0","0","0"
"355","0","0","0","0","0","0","0","0","0","0","0","0","0","0","0"
"356","0","0","0","0","0","0","0","0","0","0","0","0","0","0","0"
"357","0","0","0","0","0","0","0","0","0","0","0","0","0","0","0"
"358","0","0","0","0","0","0","0","0","0","0","0","0","0","0","0"
"359","0","0","0","0","0","0","0","0","0","0","0","0","0","0","0"
"360","0","0","0","0","0","0","0","0","0","0","0","0","0","0","0"
"361","0","0","0","0","0","0","0","0","0","0","0","0","0","0","0"
"362","0","0","0","0","0","0","0","0","0","0","0","0","0","0","0"
"363","0","0","0","0","0","0","0","0","0","0","0","0","0","0","0"
"364","0","0","0","0","0","0","0","0","0","0","0","0","0","0","0"
"365","0","0","0","0","0","0","0","0","0","0","0","0","0","0","0"
"366","0","0","0","0","0","0","0","0","0","0","0","0","0","0","0"
"367","0","0","0","0","0","0","0","0","0","0","0","0","0","0","0"
"368","0","0","0","0","0","0","0","0","0","0","0","0","0","0","0"
"369","0","0","0","0","0","0","0","0","0","0","0","0","0","0","0"
"370","0","0","0","0","0","0","0","0","0","0","0","0","0","0","0"
"371","0","0","0","0","0","0","0","0","0","0","0","0","0","0","0"
"372","0","0","0","0","0","0","0","0","0","0","0","0","0","0","0"
"373","0","0","0","0","0","0","0","0","0","0","0","0","0","0","0"
"374","0","0","0","0","0","0","0","0","0","0","0","0","0","0","0"
"375","0","0","0","0","0","0","0","0","0","0","0","0","0","0","0"
"376","0","0","0","0","0","0","0","0","0","0","0","0","0","0","0"
"377","0","0","0","0","0","0","0","0","0","0","0","0","0","0","0"
"378","0","0","0","0","0","0","0","0","0","0","0","0","0","0","0"
"379","0","0","0","0","0","0","0","0","0","0","0","0","0","0","0"
"380","0","0","0","0","0","0","0","0","0","0","0","0","0","0","0"
"381","0","0","0","0","0","0","0","0","0","0","0","0","0","0","0"
"382","0","0","0","0","0","0","0","0","0","0","0","0","0","0","0"
"383","0","0","0","0","0","0","0","0","0","0","0","0","0","0","0"
"384","0","0","0","0","0","0","0","0","0","0","0","0","0","0","0"
"385","0","0","0","0","0","0","0","0","0","0","0","0","0","0","0"
"386","0","0","0","0","0","0","0","0","0","0","0","0","0","0","0"
"387","0","0","0","0","0","0","0","0","0","0","0","0","0","0","0"
"388","0","0","0","0","0","0","0","0","0","0","0","0","0","0","0"
"389","0","0","0","0","0","0","0","0","0","0","0","0","0","0","0"
"390","0","0","0","0","0","0","0","0","0","0","0","0","0","0","0"
"391","0","0","0","0","0","0","0","0","0","0","0","0","0","0","0"
"392","0","0","0","0","0","0","0","0","0","0","0","0","0","0","0"
"393","0","0","0","0","0","0","0","0","0","0","0","0","0","0","0"
"394","0","0","0","0","0","0","0","0","0","0","0","0","0","0","0"
"395","0","0","0","0","0","0","0","0","0","0","0","0","0","0","0"
"396","0","0","0","0","0","0","0","0","0","0","0","0","0","0","0"
"397","0","0","0","0","0","0","0","0","0","0","0","0","0","0","0"
"398","0","0","0","0","0","0","0","0","0","0","0","0","0","0","0"
"399","0","0","0","0","0","0","0","0","0","0","0","0","0","0","0"
"400","0","0","0","0","0","0","0","0","0","0","0","0","0","0","0"
"401","0","0","0","0","0","0","0","0","0","0","0","0","0","0","0"
"402","0","0","0","0","0","0","0","0","0","0","0","0","0","0","0"
"403","0","0","0","0","0","0","0","0","0","0","0","0","0","0","0"
"404","0","0","0","0","0","0","0","0","0","0","0","0","0","0","0"
"405","0","0","0","0","0","0","0","0","0","0","0","0","0","0","0"
"406","0","0","0","0","0","0","0","0","0","0","0","0","0","0","0"
"407","0","0","0","0","0","0","0","0","0","0","0","0","0","0","0"
"408","0","0","0","0","0","0","0","0","0","0","0","0","0","0","0"
"409","0","0","0","0","0","0","0","0","0","0","0","0","0","0","0"
"410","0","0","0","0","0","0","0","0","0","0","0","0","0","0","0"
"411","0","0","0","0","0","0","0","0","0","0","0","0","0","0","0"
"412","0","0","0","0","0","0","0","0","0","0","0","0","0","0","0"
"413","0","0","0","0","0","0","0","0","0","0","0","0","0","0","0"
"414","0","0","0","0","0","0","0","0","0","0","0","0","0","0","0"
"415","0","0","0","0","0","0","0","0","0","0","0","0","0","0","0"
"416","0","0","0","0","0","0","0","0","0","0","0","0","0","0","0"
"417","0","0","0","0","0","0","0","0","0","0","0","0","0","0","0"
"418","0","0","0","0","0","0","0","0","0","0","0","0","0","0","0"
"419","0","0","0","0","0","0","0","0","0","0","0","0","0","0","0"
"420","0","0","0","0","0","0","0","0","0","0","0","0","0","0","0"
"421","0","0","0","0","0","0","0","0","0","0","0","0","0","0","0"
"422","0","0","0","0","0","0","0","0","0","0","0","0","0","0","0"
"423","0","0","0","0","0","0","0","0","0","0","0","0","0","0","0"
"424","0","0","0","0","0","0","0","0","0","0","0","0","0","0","0"
"425","0","0","0","0","0","0","0","0","0","0","0","0","0","0","0"
"426","0","0","0","0","0","0","0","0","0","0","0","0","0","0","0"
"427","0","0","0","0","0","0","0","0","0","0","0","0","0","0","0"
"428","0","0","0","0","0","0","0","0","0","0","0","0","0","0","0"
"429","0","0","0","0","0","0","0","0","0","0","0","0","0","0","0"
"430","0","0","0","0","0","0","0","0","0","0","0","0","0","0","0"
"431","0","0","0","0","0","0","0","0","0","0","0","0","0","0","0"
"432","0","0","0","0","0","0","0","0","0","0","0","0","0","0","0"
"433","0","0","0","0","0","0","0","0","0","0","0","0","0","0","0"
"434","0","0","0","0","0","0","0","0","0","0","0","0","0","0","0"
"435","0","0","0","0","0","0","0","0","0","0","0","0","0","0","0"
"436","0","0","0","0","0","0","0","0","0","0","0","0","0","0","0"
"437","0","0","0","0","0","0","0","0","0","0","0","0","0","0","0"
"438","0","0","0","0","0","0","0","0","0","0","0","0","0","0","0"
"439","0","0","0","0","0","0","0","0","0","0","0","0","0","0","0"
"440","0","0","0","0","0","0","0","0","0","0","0","0","0","0","0"
"441","0","0","0","0","0","0","0","0","0","0","0","0","0","0","0"
"442","0","0","0","0","0","0","0","0","0","0","0","0","0","0","0"
"443","0","0","0","0","0","0","0","0","0","0","0","0","0","0","0"
"444","0","0","0","0","0","0","0","0","0","0","0","0","0","0","0"
"445","0","0","0","0","0","0","0","0","0","0","0","0","0","0","0"
"446","0","0","0","0","0","0","0","0","0","0","0","0","0","0","0"
"447","0","0","0","0","0","0","0","0","0","0","0","0","0","0","0"
"448","0","0","0","0","0","0","0","0","0","0","0","0","0","0","0"
"449","0","0","0","0","0","0","0","0","0","0","0","0","0","0","0"
"450","0","0","0","0","0","0","0","0","0","0","0","0","0","0","0"
"451","0","0","0","0","0","0","0","0","0","0","0","0","0","0","0"
"452","0","0","0","0","0","0","0","0","0","0","0","0","0","0","0"
"453","0","0","0","0","0","0","0","0","0","0","0","0","0","0","0"
"454","0","0","0","0","0","0","0","0","0","0","0","0","0","0","0"
"455","0","0","0","0","0","0","0","0","0","0","0","0","0","0","0"
"456","0","0","0","0","0","0","0","0","0","0","0","0","0","0","0"
"457","0","0","0","0","0","0","0","0","0","0","0","0","0","0","0"
"458","0","0","0","0","0","0","0","0","0","0","0","0","0","0","0"
"459","0","0","0","0","0","0","0","0","0","0","0","0","0","0","0"
"460","0","0","0","0","0","0","0","0","0","0","0","0","0","0","0"
"461","0","0","0","0","0","0","0","0","0","0","0","0","0","0","0"
"462","0","0","0","0","0","0","0","0","0","0","0","0","0","0","0"
"463","0","0","0","0","0","0","0","0","0","0","0","0","0","0","0"
"464","0","0","0","0","0","0","0","0","0","0","0","0","0","0","0"
"465","0","0","0","0","0","0","0","0","0","0","0","0","0","0","0"
"466","0","0","0","0","0","0","0","0","0","0","0","0","0","0","0"
"467","0","0","0","0","0","0","0","0","0","0","0","0","0","0","0"
"468","0","0","0","0","0","0","0","0","0","0","0","0","0","0","0"
"469","0","0","0","0","0","0","0","0","0","0","0","0","0","0","0"
"470","0","0","0","0","0","0","0","0","0","0","0","0","0","0","0"
"471","0","0","0","0","0","0","0","0","0","0","0","0","0","0","0"
"472","0","0","0","0","0","0","0","0","0","0","0","0","0","0","0"
"473","0","0","0","0","0","0","0","0","0","0","0","0","0","0","0"
"474","0","0","0","0","0","0","0","0","0","0","0","0","0","0","0"
"475","0","0","0","0","0","0","0","0","0","0","0","0","0","0","0"
"476","0","0","0","0","0","0","0","0","0","0","0","0","0","0","0"
"477","0","0","0","0","0","0","0","0","0","0","0","0","0","0","0"
"478","0","0","0","0","0","0","0","0","0","0","0","0","0","0","0"
"479","0","0","0","0","0","0","0","0","0","0","0","0","0","0","0"
"480","0","0","0","0","0","0","0","0","0","0","0","0","0","0","0"
"481","0","0","0","0","0","0","0","0","0","0","0","0","0","0","0"
"482","0","0","0","0","0","0","0","0","0","0","0","0","0","0","0"
"483","0","0","0","0","0","0","0","0","0","0","0","0","0","0","0"
"484","0","0","0","0","0","0","0","0","0","0","0","0","0","0","0"
"485","0","0","0","0","0","0","0","0","0","0","0","0","0","0","0"
"486","0","0","0","0","0","0","0","0","0","0","0","0","0","0","0"
"487","0","0","0","0","0","0","0","0","0","0","0","0","0","0","0"
"488","0","0","0","0","0","0","0","0","0","0","0","0","0","0","0"
"489","0","0","0","0","0","0","0","0","0","0","0","0","0","0","0"
"490","0","0","0","0","0","0","0","0","0","0","0","0","0","0","0"
"491","0","0","0","0","0","0","0","0","0","0","0","0","0","0","0"
"492","0","0","0","0","0","0","0","0","0","0","0","0","0","0","0"
"493","0","0","0","0","0","0","0","0","0","0","0","0","0","0","0"
"494","0","0","0","0","0","0","0","0","0","0","0","0","0","0","0"
"495","0","0","0","0","0","0","0","0","0","0","0","0","0","0","0"
"496","0","0","0","0","0","0","0","0","0","0","0","0","0","0","0"
"497","0","0","0","0","0","0","0","0","0","0","0","0","0","0","0"
"498","0","0","0","0","0","0","0","0","0","0","0","0","0","0","0"
"499","0","0","0","0","0","0","0","0","0","0","0","0","0","0","0"
"500","0","0","0","0","0","0","0","0","0","0","0","0","0","0","0"
"501","0","0","0","0","0","0","0","0","0","0","0","0","0","0","0"
"502","0","0","0","0","0","0","0","0","0","0","0","0","0","0","0"
"503","0","0","0","0","0","0","0","0","0","0","0","0","0","0","0"
"504","0","0","0","0","0","0","0","0","0","0","0","0","0","0","0"
"505","0","0","0","0","0","0","0","0","0","0","0","0","0","0","0"
"506","0","0","0","0","0","0","0","0","0","0","0","0","0","0","0"
"507","0","0","0","0","0","0","0","0","0","0","0","0","0","0","0"
"508","0","0","0","0","0","0","0","0","0","0","0","0","0","0","0"
"509","0","0","0","0","0","0","0","0","0","0","0","0","0","0","0"
"510","0","0","0","0","0","0","0","0","0","0","0","0","0","0","0"
"511","0","0","0","0","0","0","0","0","0","0","0","0","0","0","0"
"512","0","0","0","0","0","0","0","0","0","0","0","0","0","0","0"
"513","0","0","0","0","0","0","0","0","0","0","0","0","0","0","0"
"514","0","0","0","0","0","0","0","0","0","0","0","0","0","0","0"
"515","0","0","0","0","0","0","0","0","0","0","0","0","0","0","0"
"516","0","0","0","0","0","0","0","0","0","0","0","0","0","0","0"
"517","0","0","0","0","0","0","0","0","0","0","0","0","0","0","0"
