Date,Country,New Cases,Cumulative Cases,7 Day Moving Average,Infection Rate,Deaths,Cumulative Deaths,7 Day Moving Average,Death Rate,Speed,Acceleration,Jerk,1 Day Persistence,7 Day Persistence
10/1/2020,AK,132,8912,138.7142857,18.04400276,1,57,1.714285714,0.136696991,18.96182541,2.57771468,1.581779463,0.600115567,9.994504448
10/8/2020,AK,135,9996,154.8571429,18.45409373,1,60,0.428571429,0.136696991,21.1685054,0.058584425,-3.22214335,0.773212072,20.64822089
10/15/2020,AK,165,11348,193.1428571,22.55500345,1,65,0.714285714,0.136696991,26.40204733,0.585844245,3.124502643,0.945593301,23.05115494
10/22/2020,AK,233,12877,218.4285714,31.85039881,0,68,0.428571429,0,29.85852838,1.327913623,0,1.0450165,28.75014896
10/29/2020,AK,367,15522,377.8571429,50.16779556,6,77,1.285714286,0.820181944,51.65193431,2.616770963,-0.214809557,1.796055052,32.51403681
11/5/2020,AK,314,18174,378.8571429,42.92285505,0,84,1,0,51.7886313,-1.0349915,-2.109039284,0.717946402,61.21928776
11/12/2020,AK,481,21812,519.7142857,65.75125249,0,96,1.714285714,0,71.04337884,3.261199633,1.562251321,0.676148047,61.98115485
10/1/2020,AL,1043,155744,1076.857143,21.27188756,8,2548,6,0.163159253,21.96240082,-0.029135581,-1.713172152,0.805503793,20.46060877
10/8/2020,AL,557,161975,890.1428571,11.35996296,36,2637,12.71428571,0.734216637,18.15438041,-1.415989228,-0.815796263,0.716821539,23.91565652
10/15/2020,AL,1185,169162,1026.714286,24.16796429,50,2756,17,1.019745329,20.93974194,1.829714476,2.287143095,0.699960172,19.76896468
10/22/2020,AL,2536,177064,1128.857143,51.72148308,38,2843,12.42857143,0.77500645,23.02293597,3.936216969,6.220446506,0.699106432,22.80204609
10/29/2020,AL,1443,189149,1726.428571,29.42985019,3,2914,10.14285714,0.06118472,35.21034942,-3.184518984,-6.88182419,1.406323395,25.07051178
11/5/2020,AL,1381,199158,1429.857143,28.16536598,20,3026,16,0.407898132,29.16180285,-0.180640601,-1.867590731,0.404754427,40.92943091
11/12/2020,AL,2000,210637,1639.857143,40.78981315,12,3213,26.71428571,0.244738879,33.44473323,1.803492453,1.156682559,0.315631091,34.90113897
10/1/2020,AR,1124,84821,824.5714286,37.24562629,15,1384,19.71428571,0.497050173,27.32355808,0.179884824,0.369237271,0.994215745,30.09383357
10/8/2020,AR,1265,90145,760.5714286,41.91789792,21,1503,17,0.695870242,25.20281067,0.667467375,1.297064261,0.898678097,29.75361551
10/15/2020,AR,1278,96524,911.2857143,42.34867473,11,1645,20.28571429,0.36450346,30.19698146,0.061539545,-1.216589471,1.103797948,27.44425658
10/22/2020,AR,1202,102798,896.2857143,39.83028719,21,1772,18.14285714,0.695870242,29.69993128,-0.359769649,-0.719539298,1.101023715,32.88259067
10/29/2020,AR,1072,109712,987.7142857,35.52251902,19,1894,17.42857143,0.629596886,32.72957043,-0.615395452,0.302963915,1.221356071,32.34133467
11/5/2020,AR,1548,117360,1092.571429,51.29557784,11,2037,20.42857143,0.36450346,36.20418783,2.253294117,0.681668809,0.47392305,38.488335
11/12/2020,AR,1809,128006,1520.857143,59.94425085,18,2144,15.28571429,0.596460207,50.39615372,1.235524716,-1.931394958,0.490392367,43.32953615
10/1/2020,AZ,705,219212,480,9.685772918,24,5674,16.42857143,0.32972844,6.594568796,0.268885692,0.49459266,0.231696487,8.95923429
10/8/2020,AZ,863,223401,598.4285714,11.85648515,10,5743,9.857142857,0.13738685,8.221621632,0.310101747,-0.241408322,0.289782358,7.181065652
10/15/2020,AZ,1113,228748,763.8571429,15.29115639,17,5789,6.571428571,0.233557645,10.49439266,0.490667321,-0.092245456,0.36641545,8.952822624
10/22/2020,AZ,994,234906,879.7142857,13.65625288,5,5859,10,0.068693425,12.08611745,-0.233557645,-0.378795172,0.451243826,11.42772561
10/29/2020,AZ,1315,242480,1082,18.06637076,13,5918,8.428571429,0.178602905,14.86525716,0.63001684,0.496555329,0.521406957,13.16101258
11/5/2020,AZ,2135,252768,1469.714286,29.33209246,28,6087,24.14285714,0.38468318,20.1919416,1.609388813,2.05687741,0.254154615,17.58425016
11/12/2020,AZ,1399,266562,1970.571429,19.2204203,12,6240,21.85714286,0.16486422,27.07306011,-1.444524593,-3.829167774,0.284471663,24.1659188
10/1/2020,CA,3062,813687,3292.428571,7.749500705,96,15888,82,0.242962792,8.332683715,-0.039047591,-0.058571387,0.306638936,9.621802121
10/8/2020,CA,3575,834800,3016.142857,9.047833122,133,16361,67.57142857,0.336604701,7.633442586,0.18547606,0.343112633,0.272803372,9.073762163
10/15/2020,CA,3329,858401,3371.571429,8.425240969,118,16757,56.57142857,0.298641765,8.532983397,-0.088941736,-0.053509662,0.31580301,8.312333082
10/22/2020,CA,2940,880724,3189,7.440735491,162,17189,61.71428571,0.409999711,8.070920231,-0.14064364,-0.517019036,0.300772339,9.291875767
10/29/2020,CA,4191,912904,4597.142857,10.60684437,66,17541,50.28571429,0.167036919,11.63473606,0.452301268,0.160167435,0.409589102,8.788718391
11/5/2020,CA,4566,944576,4524.571429,11.55591777,63,17815,39.14285714,0.159444332,11.45106776,0.135581915,-0.161975194,0.153261146,13.68505828
11/12/2020,CA,6927,991609,6719,17.53128393,38,18108,41.85714286,0.096172772,17.00486455,0.853623736,0.084964667,0.161113586,13.70475307
10/1/2020,CO,511,70536,552.4285714,8.873475013,8,1960,4.857142857,0.138919374,9.592878914,-0.260473826,0.034729843,0.360907617,10.75938854
10/8/2020,CO,731,74922,626.5714286,12.6937578,7,1990,4.285714286,0.121554452,10.88036383,0.545754683,0.250551014,0.378535029,10.44603452
10/15/2020,CO,692,80777,836.4285714,12.01652585,16,2025,5,0.277838748,14.52451669,-0.096747421,-1.074144445,0.535546198,11.84802363
10/22/2020,CO,1267,88849,1153.142857,22.00135585,6,2066,5.857142857,0.10418953,20.02423548,1.426404286,1.029491789,0.681199498,15.81627414
10/29/2020,CO,1475,100208,1622.714286,25.61325958,12,2094,4,0.208379061,28.17830659,0.515986246,-0.042171953,1.013212699,21.80511782
11/5/2020,CO,2928,117637,2489.857143,50.84449087,13,2147,7.571428571,0.225743983,43.23617445,3.604461614,0.803747807,0.492861328,33.35666231
11/12/2020,CO,3975,142402,3537.857143,69.02556394,0,2201,7.714285714,0,61.43461244,2.597296153,-0.697077573,0.586920293,51.74548846
10/1/2020,CT,192,57742,181.4285714,5.38526071,3,4511,1.714285714,0.084144699,5.088750819,0.140241164,-0.124213603,0.181253516,4.738487983
10/8/2020,CT,384,59748,286.5714286,10.77052142,5,4527,2.285714286,0.140241164,8.037822161,0.769322959,1.161998219,0.266229861,5.541325726
10/15/2020,CT,167,62028,325.7142857,4.684054888,3,4540,1.857142857,0.084144699,9.135710133,-0.869495219,-1.033777726,0.36646966,8.752676698
10/22/2020,CT,502,65373,477.8571429,14.0802129,2,4569,4.142857143,0.056096466,13.40304842,1.342308287,0.332571904,0.441759582,9.948206816
10/29/2020,CT,1319,70446,724.7142857,36.99561915,5,4609,5.714285714,0.140241164,20.32695504,3.273629464,2.977119574,0.624627502,14.59506658
11/5/2020,CT,1687,77060,944.8571429,47.31736884,11,4656,6.714285714,0.308530561,26.50157317,1.474535671,-2.632526999,0.390513693,24.03401456
11/12/2020,CT,1158,85899,1262.714286,32.47985366,10,4726,10,0.280482329,35.41690433,-2.119645026,-3.077291834,0.374438604,31.71734933
10/1/2020,DC,32,15358,36,4.534189917,1,628,1,0.141693435,5.100963657,-0.485806063,-0.425080305,0.204631642,6.965323073
10/8/2020,DC,68,15765,58.14285714,9.635153574,2,634,0.857142857,0.28338687,8.238461145,0.728709094,0.344112628,0.275066446,5.554624729
10/15/2020,DC,34,16166,57.28571429,4.817576787,0,638,0.571428571,0,8.117009629,-0.688225255,-1.072821722,0.322517262,8.971159781
10/22/2020,DC,39,16537,53,5.526043962,0,642,0.571428571,0,7.509752051,0.101209596,0.323870708,0.271359351,8.838906811
10/29/2020,DC,101,17074,76.71428571,14.31103693,1,645,0.428571429,0.141693435,10.86991065,1.254998995,0.971612125,0.352174021,8.177641962
11/5/2020,DC,81,17682,86.85714286,11.47716823,3,650,0.714285714,0.425080305,12.30708692,-0.404838385,-0.607257578,0.18129482,12.85200129
11/12/2020,DC,128,18507,117.8571429,18.13675967,0,657,1,0,16.6995834,0.951370206,-1.65983738,0.157093261,14.72924541
10/1/2020,DE,174,20787,120,17.86880599,0,636,0.857142857,0,12.32331448,0.836224911,0.645506949,0.420747966,10.04850342
10/8/2020,DE,132,21682,127.8571429,13.55564593,2,651,2.142857143,0.205388575,13.13019816,-0.616165724,-0.645506949,0.50350044,13.41930505
10/15/2020,DE,95,22560,125.4285714,9.755957296,1,661,1.428571429,0.102694287,12.88079775,-0.542812662,-0.352094699,0.491678658,14.29795002
10/22/2020,DE,153,23528,138.2857143,15.71222596,0,670,1.285714286,0,14.20115288,0.850895524,1.158978385,0.488991889,14.02636885
10/29/2020,DE,161,24553,146.4285714,16.53378026,1,689,2.714285714,0.102694287,15.03737779,0.1173649,-1.24700206,0.546488738,15.46415153
11/5/2020,DE,219,25753,171.4285714,22.49004892,4,716,3.857142857,0.410777149,17.60473497,0.850895524,1.36436696,0.23007728,17.74525581
11/12/2020,DE,204,27546,256.1428571,20.94963461,8,732,2.285714286,0.821554299,26.30440817,-0.220059187,-2.009873909,0.264589705,21.06952389
10/1/2020,FL,2551,700602,2250.714286,11.8774152,131,14619,94,0.609933905,10.47928972,0.049220402,0.524130771,0.382031534,13.28358397
10/8/2020,FL,3246,717148,2363.714286,15.11332409,170,15254,90.71428571,0.791517281,11.00541591,0.462272698,0.020619358,0.386173194,11.41127946
10/15/2020,FL,3286,735685,2648.142857,15.29956345,144,15932,96.85714286,0.670461697,12.32971079,0.026605623,-0.148991488,0.450636904,11.9841974
10/22/2020,FL,5461,758306,3231.571429,25.42632867,162,16470,76.85714286,0.754269409,15.04614489,1.446680745,1.913609427,0.498119811,13.42627023
10/29/2020,FL,4111,784331,3717.857143,19.14075026,79,16854,54.85714286,0.367822737,17.3102834,-0.897939773,-2.16104172,0.666928975,16.38429405
11/5/2020,FL,6120,816376,4577.857143,28.49462213,39,17170,45.14285714,0.181583376,21.31442965,1.33626741,1.118766443,0.272166962,20.45752551
11/12/2020,FL,5504,851825,5064.142857,25.62653598,73,17585,59.28571429,0.339886833,23.57856816,-0.409726593,-1.299019538,0.239290605,25.50932379
10/1/2020,GA,1308,319334,1184,12.31937354,42,7063,34.42857143,0.395576215,11.15148186,-0.08072984,-0.434595637,0.411412325,14.86112747
10/8/2020,GA,1265,327407,1153.285714,11.91437885,35,7294,33,0.329646846,10.86219994,-0.057856385,0.248917006,0.399978729,12.14325392
10/15/2020,GA,1640,336241,1262,15.44630934,22,7492,28.28571429,0.207206589,11.8861234,0.504561498,0.766933477,0.41688271,11.82824431
10/22/2020,GA,1785,345535,1327.714286,16.81198912,25,7729,33.85714286,0.235462033,12.50505217,0.195097113,0.174914653,0.450887801,12.94323179
10/29/2020,GA,1823,356848,1616.142857,17.16989141,47,7923,27.71428571,0.442668621,15.22161128,0.051128898,-0.407685691,0.555662909,13.61720583
11/5/2020,GA,1916,368368,1645.714286,18.04581017,56,8578,93.57142857,0.527434953,15.50012923,0.125131252,-0.157423187,0.218744914,17.8945777
11/12/2020,GA,2496,380190,1688.857143,23.50852933,75,8881,43.28571429,0.706386098,15.90646942,0.780388451,1.080434355,0.150887302,18.55071057
10/1/2020,HI,120,12589,105.8571429,8.475342404,4,136,2,0.282511413,7.476462763,-0.474215587,-0.716368227,0.29121665,8.43804196
10/8/2020,HI,108,13232,91.85714286,7.627808163,3,163,3.857142857,0.21188356,6.487672816,-0.12107632,-0.080717547,0.242064602,8.141392047
10/15/2020,HI,99,13872,91.42857143,6.992157483,10,183,2.857142857,0.706278534,6.457403736,-0.09080724,0.131166013,0.239847216,7.064662735
10/22/2020,HI,77,14427,79.28571429,5.438344709,14,203,2.857142857,0.988789947,5.599779803,-0.221973253,-0.494394974,0.213238588,7.031701633
10/29/2020,HI,61,15039,87.42857143,4.308299055,-2,213,1.428571429,-0.141255707,6.174892323,-0.161435093,0.080717547,0.232086366,6.09780376
11/5/2020,HI,155,15686,92.42857143,10.94731727,0,219,0.857142857,0,6.52803159,0.948431174,0.716368227,0.072062133,7.279155149
11/12/2020,HI,117,16437,107.2857143,8.263458844,0,222,0.428571429,0,7.577359697,-0.383408347,-0.292601107,0.079411105,7.812813868
10/1/2020,IA,1038,86634,794.7142857,32.89942854,16,1360,8.285714286,0.507120286,25.18848348,-0.498064566,-0.878404781,0.940844309,29.79531965
10/8/2020,IA,1261,92145,787.2857143,39.96741752,6,1421,8.714285714,0.190170107,24.95303478,1.009712712,1.77944886,0.876993603,27.42865518
10/15/2020,IA,1333,98717,938.8571429,42.24945881,9,1506,12.14285714,0.285255161,29.75709391,0.326005898,-0.108668633,1.077998944,27.17226653
10/22/2020,IA,1435,105625,986.8571429,45.48235063,17,1601,13.57142857,0.538815304,31.27845477,0.461841689,-0.140363651,1.128747818,32.40358113
10/29/2020,IA,1940,114982,1336.714286,61.48833465,11,1693,13.14285714,0.348645196,42.36718316,2.286569146,-0.43920239,1.468068716,34.06024626
11/5/2020,IA,3992,130732,2250,126.5265113,15,1802,15.57142857,0.475425268,71.31379019,9.291168093,7.049877544,0.852812347,50.0954131
11/12/2020,IA,3650,155603,3553,115.6868152,31,1930,18.28571429,0.982545554,112.6123985,-1.548528015,-10.69933246,1.13879029,85.3490614
10/1/2020,ID,614,42048,472.1428571,34.3580116,5,469,2.142857143,0.279788368,26.4200159,1.742681835,1.223074866,0.903878921,23.06800191
10/8/2020,ID,671,45753,529.2857143,37.547599,8,500,4.428571429,0.447661389,29.61759725,0.455655342,-0.73544371,1.068140688,28.76971559
10/15/2020,ID,645,49892,591.2857143,36.09269948,4,516,2.285714286,0.223830694,33.08697301,-0.207842788,0.399697669,1.219519179,32.25167815
10/22/2020,ID,987,55650,822.5714286,55.23022386,11,546,4.285714286,0.61553441,46.02918353,2.733932054,0.423679529,1.585814135,36.02960752
10/29/2020,ID,862,61785,876.4285714,48.23551466,14,599,7.571428571,0.783407431,49.04290395,-0.999244172,-1.071189752,1.83293879,50.12285095
11/5/2020,ID,1290,68314,932.7142857,72.18539896,17,664,9.285714286,0.951280451,52.19252158,3.421412044,1.047207892,0.670164153,57.87582019
11/12/2020,ID,1693,77121,1258.142857,94.73634143,19,733,9.857142857,1.063195799,70.40274736,3.22156321,3.045696235,0.670152937,62.4645348
10/1/2020,IL,2166,297929,2051.428571,17.09304448,24,8940,23.71428571,0.189396615,16.18890112,-0.102589833,-0.581718174,0.596723099,16.28688964
10/8/2020,IL,3059,313439,2215.714286,24.14017685,32,9159,31.28571429,0.25252882,17.48536604,1.006733196,0.60426539,0.603577713,17.62868284
10/15/2020,IL,4015,334658,3031.285714,31.68447534,53,9373,30.57142857,0.418250858,23.92146886,1.077756927,0.816209221,0.836717193,19.04045061
10/22/2020,IL,4942,363746,4155.428571,38.99991959,42,9647,39.14285714,0.331444076,32.79267101,1.045063463,-0.623430524,1.16284819,26.0489569
10/29/2020,IL,6363,400171,5203.571429,50.21377748,56,9945,42.57142857,0.441925434,41.06411721,1.6019797,-0.391194198,1.445415221,35.70913137
11/5/2020,IL,9935,453750,7654.142857,78.40230698,97,10313,52.57142857,0.765477985,60.40286441,4.026932785,2.41706156,0.75355685,48.53788555
11/12/2020,IL,12702,536542,11827.42857,100.2381584,48,10846,76.14285714,0.378793229,93.33645552,3.119407339,-2.651552606,0.899942753,72.29075569
10/1/2020,IN,1157,121176,991.4285714,17.18601252,13,3645,13.85714286,0.193101264,14.72662389,0.547473914,0.033951871,0.519352485,12.91689195
10/8/2020,IN,1450,129677,1214.428571,21.53821793,15,3742,13.85714286,0.222809151,18.03905327,0.621743631,-0.074269717,0.637959473,16.03635601
10/15/2020,IN,1943,141212,1647.857143,28.86121203,28,3864,17.42857143,0.415910415,24.47717674,1.046142014,1.292293076,0.858229593,19.64338076
10/22/2020,IN,2850,155246,2004.857143,42.3337387,42,4065,28.71428571,0.623865623,29.78003453,1.924646667,0.721477251,1.020284357,26.65408741
10/29/2020,IN,3618,172730,2497.714286,53.74156723,33,4260,27.85714286,0.490180132,37.10090664,1.62968979,-0.101855612,1.299236178,32.428562
11/5/2020,IN,4412,196176,3349.428571,65.53559829,47,4511,35.85714286,0.69813534,49.75222243,1.68486158,-0.755429122,0.684108412,43.83802431
11/12/2020,IN,6591,230965,4969.857143,97.90234097,51,4813,43.14285714,0.757551114,73.82197672,4.623820382,1.7845952,0.690272854,59.54396023
10/1/2020,KS,0,59749,646.1428571,0,0,678,8.142857143,0,22.17896379,0,0.720828582,0.812368865,23.25974929
10/8/2020,KS,0,63952,600.4285714,0,0,723,6.428571429,0,20.60981313,0,-0.608045879,0.754894171,24.1514798
10/15/2020,KS,0,69155,743.2857143,0,0,838,16.42857143,0,25.51340893,0,-0.240276194,0.934502587,22.44277462
10/22/2020,KS,0,74456,757.2857143,0,0,952,16.28571429,0,25.99396132,0,-0.95620118,0.952104212,27.78247831
10/29/2020,KS,0,82045,1084.142857,0,0,1007,7.857142857,0,37.2133885,0,-9.223663694,1.363048267,28.30576927
11/5/2020,KS,0,92215,1452.857143,0,0,1087,11.42857143,0,49.86956926,0,1.868269999,0.497464264,43.59896652
11/12/2020,KS,0,109225,2430,0,0,1215,18.28571429,0,83.41016451,0,-13.16125112,0.832041999,59.68440209
10/1/2020,KY,888,69728,795.7142857,19.87611895,17,1191,7.714285714,0.380511286,17.81048626,0.789800737,0.156681118,0.623431965,16.67159752
10/8/2020,KY,868,77455,1103.857143,19.42845862,11,1234,6.142857143,0.246213185,24.70765302,-0.063951477,-4.569333009,0.907331849,19.39448584
10/15/2020,KY,1182,84195,962.8571429,26.45672591,20,1296,8.857142857,0.447660337,21.55164764,1.004038184,4.428639761,0.752615781,26.90506141
10/22/2020,KY,1303,92299,1157.714286,29.16507094,17,1380,12,0.380511286,25.91313835,0.386906434,-0.028778165,0.934972266,23.46837245
10/29/2020,KY,1811,103305,1572.285714,40.5356435,19,1461,11.57142857,0.42527732,35.19249762,1.624367508,0.329350105,1.229530108,28.21775821
11/5/2020,KY,2268,115277,1710.285714,50.7646822,20,1534,10.42857143,0.447660337,38.28135395,1.461291242,2.187140503,0.52163143,41.61892554
11/12/2020,KY,2336,129680,2057.571429,52.28672734,18,1622,12.57142857,0.402894303,46.05465594,0.217435021,-3.197573834,0.457240351,45.81550945
10/1/2020,LA,551,168009,509,11.85253638,8,5519,13.71428571,0.172087643,10.94907626,-0.079897834,-0.061459872,0.403968158,13.72984609
10/8/2020,LA,524,173149,734.2857143,11.27174058,5,5609,12.85714286,0.107554777,15.79518719,-0.082970828,-4.833818959,0.581583582,11.9228471
10/15/2020,LA,743,176952,543.2857143,15.9826398,12,5707,14,0.258131464,11.68659472,0.672985602,4.594125456,0.403405372,17.19995343
10/22/2020,LA,772,181904,707.4285714,16.6064575,9,5799,13.14285714,0.193598598,15.21746439,0.089116815,-1.395139102,0.5541196,12.72595776
10/29/2020,LA,394,186216,616,8.475316394,18,5908,15.57142857,0.387197196,13.25074847,-1.161591587,-0.347248279,0.527893748,16.57085008
11/5/2020,LA,681,190845,661.2857143,14.64896057,20,5995,12.42857143,0.430219106,14.22488745,0.881949168,1.133934644,0.165369785,15.62691389
11/12/2020,LA,3829,198531,1098,82.3654479,39,6097,14.57142857,0.838927257,23.61902894,9.673783904,12.79594542,0.1391081,17.02448838
10/1/2020,MA,754,132870,553.8571429,10.93942215,24,9480,16.85714286,0.348204419,8.035646018,0.56583218,0.588631279,0.273603593,6.466244417
10/8/2020,MA,444,136936,580.8571429,6.441781745,8,9565,12.14285714,0.11606814,8.427375989,-0.642520058,-0.648737994,0.332211244,8.750307018
10/15/2020,MA,587,141579,663.2857143,8.516499739,25,9672,15.28571429,0.362712936,9.623292355,0.296388285,0.203119244,0.341624908,9.176876021
10/22/2020,MA,1049,147215,805.1428571,15.2194348,30,9810,19.71428571,0.435255523,11.68142919,0.957562151,0.704699419,0.392792728,10.47915282
10/29/2020,MA,1346,155564,1192.714286,19.52846448,27,9951,20.14285714,0.391729971,17.30451602,0.615575669,-0.377221454,0.611280836,12.72033282
11/5/2020,MA,1862,165161,1371,27.01485948,23,10085,19.14285714,0.333695901,19.89117741,1.069485,-0.035234971,0.262107048,20.470984
11/12/2020,MA,2648,180189,2146.857143,38.41855419,20,10242,22.42857143,0.290170349,31.1477143,1.629099244,-0.331623256,0.294457248,23.8059612
10/1/2020,MD,785,125510,530,12.98447817,0,3949,5.714285714,0,8.766590359,0.666355386,0.597829477,0.296694595,8.442392285
10/8/2020,MD,761,129425,559.2857143,12.5875005,6,3979,4.285714286,0.099244419,9.250997643,-0.056711097,-0.165407365,0.340921824,9.546258878
10/15/2020,MD,630,133548,589,10.42066401,6,4028,7,0.099244419,9.742493814,-0.309548069,-0.581288741,0.368185183,10.07374758
10/22/2020,MD,743,137979,633,12.28976724,12,4070,6,0.198488838,10.47028622,0.267014747,0.463140623,0.373724406,10.60895562
10/29/2020,MD,962,143387,772.5714286,15.91218854,12,4127,8.142857143,0.198488838,12.77890045,0.517488757,0.063799984,0.449109759,11.40147523
11/5/2020,MD,1198,149964,939.5714286,19.81580236,10,4182,7.857142857,0.165407365,15.54120345,0.557659117,-0.189036989,0.210051324,15.11242671
11/12/2020,MD,1477,159900,1419.428571,24.43066785,12,4261,11.28571429,0.198488838,23.47839402,0.659266499,-1.027888627,0.227627803,18.59986861
10/1/2020,ME,40,5431,30.85714286,2.975721092,1,142,0.285714286,0.074393027,2.295556271,-0.042510301,-0.350709986,0.085638468,2.927906522
10/8/2020,ME,35,5639,29.71428571,2.603755955,0,142,0,0,2.210535668,-0.053137877,0.106275753,0.082913608,2.499714659
10/15/2020,ME,20,5836,28.14285714,1.487860546,1,144,0.285714286,0.074393027,2.093632339,-0.15941363,-0.127530904,0.082524342,2.407132635
10/22/2020,ME,37,6064,32.57142857,2.75254201,0,146,0.285714286,0,2.423087175,0.180668781,0.15941363,0.082135076,2.279832351
10/29/2020,ME,80,6467,57.57142857,5.951442183,0,146,0,0,4.282912857,0.456985739,0.053137877,0.140135675,2.638587696
11/5/2020,ME,183,7260,113.2857143,13.61392399,0,150,0.571428571,0,8.427667234,1.094640259,0.297572109,0.09580939,5.09029367
11/12/2020,ME,193,8395,162.1428571,14.35785427,1,159,1.285714286,0.074393027,12.062298,0.106275753,0.201923931,0.119264992,10.08631692
10/1/2020,MI,998,139012,953.5714286,9.993133976,19,7102,11.85714286,0.190250046,9.548263569,-0.114436118,-0.532127947,0.353924396,8.746320412
10/8/2020,MI,1401,146493,1068.714286,14.02843758,24,7193,13,0.240315847,10.70120745,0.576471943,0.547862913,0.370847798,10.39745125
10/15/2020,MI,2458,156913,1488.571429,24.61234801,34,7302,15.57142857,0.34044745,14.90530433,1.511987205,0.969846097,0.490569078,11.65293375
10/22/2020,MI,2204,170076,1880.428571,22.06900529,46,7464,23.14285714,0.460605374,18.82903271,-0.363334674,-0.771013343,0.702976111,16.23092764
10/29/2020,MI,4109,190043,2852.428571,41.14407566,47,7653,27,0.470618534,28.56182452,2.725010052,0.276077134,0.946348253,20.50361809
11/5/2020,MI,6103,218263,4031.428571,61.11031729,51,7833,25.71428571,0.510671175,40.36734051,2.852320233,1.697945896,0.530880458,33.86736448
11/12/2020,MI,7311,259183,5845.714286,73.20621493,49,8185,50.28571429,0.490644855,58.53407419,1.727985377,-1.451908243,0.566658176,48.31203915
10/1/2020,MN,1066,100200,1026.857143,18.90194254,13,2102,8.857142857,0.230511494,18.20787496,0.390096375,0.367298535,0.65262781,17.35019392
10/8/2020,MN,1271,107922,1103.142857,22.53693149,6,2160,8.285714286,0.10638992,19.56054681,0.519284136,-0.048128774,0.697441462,19.82721684
10/15/2020,MN,1163,117106,1312,20.62191292,19,2199,5.571428571,0.336901415,23.26392928,-0.273574081,-1.433730833,0.862129316,21.30019038
10/22/2020,MN,1561,128152,1578,27.67911098,20,2301,14.57142857,0.354633068,27.98054909,1.008171151,1.790896995,0.987941558,25.33293816
10/29/2020,MN,2867,142311,2022.714286,50.83665033,32,2419,16.85714286,0.567412909,35.86606867,3.308219908,1.160156752,1.192525624,30.4690369
11/5/2020,MN,3942,164865,3222,69.89817775,25,2555,19.42857143,0.443291335,57.1313873,2.723075346,-2.137930783,0.736300836,42.45733383
11/12/2020,MN,7225,201795,5275.714286,128.1111959,39,2793,34,0.691534483,93.54713722,8.316145451,5.626000319,0.85020531,68.37541897
10/1/2020,MO,1799,127912,1371.571429,29.31195282,10,2128,25.14285714,0.162934702,22.34765815,1.01019515,1.543224388,0.781546458,25.28820572
10/8/2020,MO,1505,137156,1320.571429,24.5216726,23,2259,18.71428571,0.374749814,21.51669117,-0.684325747,-0.025604025,0.813176624,24.33517722
10/15/2020,MO,1875,150554,1914,30.55025656,22,2442,26.14285714,0.358456344,31.18570189,0.86122628,-7.008519809,1.110721856,23.43030708
10/22/2020,MO,1854,162723,1738.428571,30.20809368,16,2657,30.71428571,0.260695523,28.32503406,-0.04888041,7.411201286,1.039276898,33.95924429
10/29/2020,MO,3061,177693,2138.571429,49.87431217,29,2899,34.57142857,0.472510635,34.84474976,2.809459784,1.247614287,1.173385393,30.84415911
11/5/2020,MO,3553,196576,2697.571429,57.89069949,18,3106,29.57142857,0.293282463,43.95279959,1.145198189,-0.44690661,0.616916071,41.24782117
11/12/2020,MO,4603,225371,4113.571429,74.99884316,16,3339,33.28571429,0.260695523,67.02435334,2.444020525,-0.982263487,0.644208647,52.60315264
10/1/2020,MS,696,98886,510.8571429,23.38592591,10,2979,15,0.336004683,17.16503921,-0.196802743,-0.196802743,0.635927808,17.64101466
10/8/2020,MS,578,102819,561.8571429,19.42107065,23,3074,13.57142857,0.77281077,18.87866309,-0.566407893,-5.299273851,0.712232113,18.69163509
10/15/2020,MS,1322,108139,760,44.41981903,12,3152,11.14285714,0.403205619,25.53635587,3.571249769,6.748894053,0.804535707,20.55766242
10/22/2020,MS,958,113081,706,32.18924859,8,3231,11.28571429,0.268803746,23.72193059,-1.747224349,-1.387219332,0.932881656,27.80746607
10/29/2020,MS,970,118587,786.5714286,32.59245421,8,3310,11.28571429,0.268803746,26.42916832,0.057600803,-0.897612509,0.965935134,25.83167243
11/5/2020,MS,1612,123887,757.1428571,54.16395483,8,3405,13.57142857,0.268803746,25.44035454,3.081642946,4.204858599,0.347131214,31.21904266
11/12/2020,MS,1271,130665,968.2857143,42.70619515,17,3514,15.57142857,0.57120796,32.53485341,-1.636822811,-3.988855589,0.340872961,30.4472722
10/1/2020,MT,429,13500,322.5714286,40.13929927,1,181,2.285714286,0.0935648,30.18133126,1.323273602,-0.481190401,1.057010046,23.2154783
10/8/2020,MT,614,16677,453.8571429,57.44878731,4,197,2.285714286,0.374259201,42.46505288,2.472784005,-2.459417605,1.464832819,32.86554859
10/15/2020,MT,723,20933,608,67.64735053,5,230,4.714285714,0.467824001,56.88739851,1.456937603,3.020806406,2.030301371,46.24173954
10/22/2020,MT,928,25640,672.4285714,86.82813456,3,278,6.857142857,0.280694401,62.91564492,2.740112005,2.472784005,2.204103393,61.9467559
10/29/2020,MT,887,30853,744.7142857,82.99197775,12,337,8.428571429,1.122777602,69.67904333,-0.548022401,-0.561388801,2.57226993,68.51113252
11/5/2020,MT,1013,36968,873.5714286,94.78114258,3,407,10,0.280694401,81.73553615,1.684166403,-0.668320001,1.114530046,82.14823473
11/12/2020,MT,961,43031,866.1428571,89.91577297,0,472,9.285714286,0,81.04048335,-0.695052801,-2.339120004,0.815337067,97.8219118
10/1/2020,NC,2277,212909,2102.857143,21.71035243,47,3579,31.85714286,0.448127608,20.04996473,0.802271007,0.06265614,0.705002598,12.77505399
10/8/2020,NC,2428,225397,1784,23.15008156,29,3722,20.42857143,0.276504269,17.00977986,0.205675589,-0.08853585,0.615499048,21.83313534
10/15/2020,NC,2532,238939,1934.571429,24.14168308,18,3874,21.71428571,0.171623339,18.44542272,0.14165736,-0.151191989,0.670428484,18.52256754
10/22/2020,NC,2400,252992,2007.571429,22.88311192,50,4082,29.71428571,0.476731498,19.1414507,-0.179795879,-0.06538032,0.707696685,20.08589122
10/29/2020,NC,2885,269021,2289.857143,27.50740745,38,4283,28.71428571,0.362315939,21.83294053,0.660613648,0.10079466,0.775497869,20.8438214
11/5/2020,NC,2859,285661,2377.142857,27.25950707,41,4548,37.85714286,0.390919829,22.66517752,-0.03541434,-0.269693819,0.331180192,25.7308109
11/12/2020,NC,2893,303454,2541.857143,27.58368449,8,4706,22.57142857,0.07627704,24.23566729,0.04631106,-0.898979397,0.241296255,27.12591243
10/1/2020,ND,372,22218,395.2857143,48.81492582,0,191,5,0,51.87054522,-1.837120864,-1.312229189,1.967199014,55.6876016
10/8/2020,ND,527,25384,452.2857143,69.15447824,8,234,6.142857143,1.049783351,59.35025159,2.905650346,2.005836046,2.067447202,56.48372201
10/15/2020,ND,706,29653,609.8571429,92.64338072,12,289,7.857142857,1.574675026,80.02723438,3.355557497,-0.562383938,2.808322502,64.62864614
10/22/2020,ND,887,35052,771.2857143,116.394729,10,338,7,1.312229189,101.2103627,3.393049759,7.198514407,3.582842743,87.14456424
10/29/2020,ND,1223,41130,868.2857143,160.4856298,4,382,6.285714286,0.524891675,113.9389858,6.298700106,1.087275613,3.942637606,110.2116426
11/5/2020,ND,1536,49837,1243.857143,201.5584034,14,468,12.28571429,1.837120864,163.2225649,5.867539087,-0.44990715,2.180715856,134.5696198
11/12/2020,ND,1800,59173,1333.714286,236.201254,34,553,12.14285714,4.461579242,175.0138815,4.948978655,6.50490755,1.696449617,195.3464075
10/1/2020,NE,520,45564,469.4285714,26.88160926,0,478,2.285714286,0,24.26729891,0.199396552,-0.310172415,0.881556717,22.99167065
10/8/2020,NE,639,49396,547.4285714,33.03336214,0,507,4.142857143,0,28.29954029,0.878821841,0.642500001,1.004363329,26.42554381
10/15/2020,NE,924,54467,724.4285714,47.76655183,3,530,3.285714286,0.155086207,37.44962652,2.104741384,0.583419542,1.294608913,30.81639802
10/22/2020,NE,899,60308,834.4285714,46.47416677,11,576,6.571428571,0.568649427,43.13612079,-0.184626437,0.642500001,1.586747991,40.78025949
10/29/2020,NE,1169,66545,891,60.43192543,8,628,7.428571429,0.413563219,46.06060355,1.993965522,-0.110775862,1.614068405,46.97248978
11/5/2020,NE,1828,75888,1334.714286,94.49919562,9,669,5.857142857,0.465258622,68.99859211,4.866752885,0.708965519,0.869830143,54.3474631
11/12/2020,NE,2209,89942,2007.714286,114.1951439,1,731,8.857142857,0.051695402,103.7895979,2.813706903,-2.666005753,1.007265514,82.57820906
10/1/2020,NH,51,8317,39,3.750797044,2,441,0.428571429,0.14709008,2.868256563,0.14709008,-0.021012869,0.099670613,2.631392782
10/8/2020,NH,78,8878,80.14285714,5.736513127,1,449,1.142857143,0.07354504,5.894109641,0.283673726,-0.094557909,0.205498485,3.123348823
10/15/2020,NH,77,9426,78.28571429,5.662968087,5,463,2,0.3677252,5.757525995,-0.010506434,-0.021012869,0.211270914,6.418310219
10/22/2020,NH,77,9994,81.14285714,5.662968087,1,470,1,0.07354504,5.967654681,0,-0.199622252,0.218582658,6.269579323
10/29/2020,NH,127,10768,110.5714286,9.340220091,4,482,1.714285714,0.29418016,8.131980147,0.525321715,0.304686595,0.278615923,6.498396087
11/5/2020,NH,245,11808,148.5714286,18.01853482,2,486,0.571428571,0.14709008,10.92669167,1.239759247,1.187227076,0.132193137,9.598698203
11/12/2020,NH,322,13470,237.4285714,23.68150291,3,495,1.285714286,0.22063512,17.4616938,0.808995441,-0.388738069,0.166115779,13.0771745
10/1/2020,NJ,614,205889,619.5714286,6.912709591,5,16127,5.714285714,0.056292423,6.975435434,0.080417748,-0.408522158,0.252550017,5.58870517
10/8/2020,NJ,1298,211148,751.2857143,14.61351311,8,16160,4.714285714,0.090067877,8.458338701,1.100114788,1.428219199,0.269516289,7.595805178
10/15/2020,NJ,971,216994,835.1428571,10.93198862,6,16197,5.285714286,0.067550908,9.402443059,-0.52593207,-1.2175247,0.36365553,9.210592444
10/22/2020,NJ,1162,224385,1055.857143,13.08235919,18,16263,9.428571429,0.202652724,11.88735146,0.307195796,0.15922714,0.424156782,10.23866199
10/29/2020,NJ,1550,234547,1451.714286,17.45065125,8,16332,9.857142857,0.090067877,16.34410304,0.624041722,-0.398872029,0.575792832,12.94456907
11/5/2020,NJ,1962,247219,1810.285714,22.08914693,12,16403,10.14285714,0.135101816,20.38107397,0.662642241,-0.569357654,0.263140996,19.37948023
11/12/2020,NJ,3491,266986,2823.857143,39.30337,19,16495,13.14285714,0.213911209,31.79235237,2.459174724,1.441086038,0.292607453,24.39227433
10/1/2020,NM,278,29435,206.8571429,13.25811499,2,877,2.857142857,0.095382122,9.865236643,0.551853707,0.10900814,0.341129657,7.018310465
10/8/2020,NM,425,31372,276.7142857,20.26870098,2,896,2.714285714,0.095382122,13.19679791,1.001512284,0.027252035,0.446687701,10.74261475
10/15/2020,NM,577,34290,416.8571429,27.51774227,3,921,3.571428571,0.143073183,19.88035948,1.035577327,0.790309013,0.690244793,14.37047291
10/22/2020,NM,819,38715,632.1428571,39.05897906,8,950,4.142857143,0.381528489,30.14756364,1.648748113,-0.006813009,1.043851761,21.64844602
10/29/2020,NM,657,43826,730.1428571,31.33302716,11,991,5.857142857,0.524601672,34.82128763,-1.103707415,-1.028764318,1.315857121,32.82877781
11/5/2020,NM,1011,50251,917.8571429,48.21566279,14,1059,9.714285714,0.667674856,43.7735811,2.411805091,-1.355788738,0.531897331,41.18793399
11/12/2020,NM,1487,59034,1254.714286,70.91660789,14,1158,14.14285714,0.667674856,59.83865569,3.242992156,2.411805091,0.564559119,52.38866215
10/1/2020,NV,430,80410,459,13.96033188,3,1603,5.571428571,0.097397664,14.90184263,0.185519361,0.760629378,0.539028015,13.14132129
10/8/2020,NV,480,83827,488.1428571,15.58362628,13,1649,6.571428571,0.422056545,15.84799137,0.231899201,0.018551936,0.57198466,16.22715808
10/15/2020,NV,655,87969,591.7142857,21.2651567,7,1698,7,0.227261217,19.21052978,0.811647202,0.58902397,0.673912429,17.25745383
10/22/2020,NV,789,92853,697.7142857,25.6155857,4,1736,5.428571429,0.129863552,22.65191392,0.621489858,0.222623233,0.806928166,20.91904412
10/29/2020,NV,1075,98554,814.4285714,34.9008297,3,1769,4.714285714,0.097397664,26.44114686,1.326463428,1.298635524,0.91989811,24.66649239
11/5/2020,NV,1267,105360,972.2857143,41.13428021,10,1824,7.857142857,0.324658881,31.56611919,0.890492931,-1.414585124,0.438884162,31.23827316
11/12/2020,NV,1469,114880,1360,47.69238961,3,1880,8,0.097397664,44.1536078,0.936872771,0.755991394,0.4311002,37.77864896
10/1/2020,NY,1382,460031,1026.285714,7.104097805,11,25490,7.285714286,0.056544917,5.275567359,0.313567269,0.067560161,0.181747642,4.466100794
10/8/2020,NY,1836,470104,1439,9.43786076,10,25555,9.285714286,0.05140447,7.397103286,0.333394708,0.06902886,0.25872881,5.744757046
10/15/2020,NY,1460,479400,1328,7.505052674,13,25618,9,0.066825811,6.826513665,-0.276115441,-0.182118695,0.260154388,8.054974628
10/22/2020,NY,1628,490134,1533.428571,8.368647776,15,25694,10.85714286,0.077106706,7.882508356,0.123370729,-0.459702835,0.284200916,7.433638851
10/29/2020,NY,2499,503176,1863.142857,12.84597715,19,25792,14,0.097668494,9.577387179,0.639618481,0.635946733,0.327371697,8.583549852
11/5/2020,NY,2997,518812,2233.714286,15.40591977,24,25892,14.28571429,0.123370729,11.48228998,0.365706089,0.295942879,0.159802566,11.33263506
11/12/2020,NY,4797,545762,3850,24.65872444,29,26055,23.28571429,0.149072964,19.79072109,1.321829238,-0.656508522,0.184232866,13.74212014
10/1/2020,OH,1327,155314,1081.428571,11.35245656,13,4817,14.57142857,0.111214721,9.251598253,0.410638971,0.194320228,0.323825771,8.196597024
10/8/2020,OH,1539,164262,1278.285714,13.16611202,13,4983,23.71428571,0.111214721,10.93570689,0.259093637,-0.161322453,0.391061921,10.0744016
10/15/2020,OH,2178,175843,1654.428571,18.63274332,5,5038,7.857142857,0.042774893,14.15360097,0.780947329,0.029331355,0.489812218,11.90828871
10/22/2020,OH,2425,190430,2083.857143,20.74582303,12,5161,17.57142857,0.102659743,17.8273532,0.30186853,-0.097771184,0.641921697,15.41237054
10/29/2020,OH,3590,208937,2643.857143,30.71237307,19,5275,16.28571429,0.162544593,22.6181412,1.423792862,1.129257171,0.776304468,19.41285286
11/5/2020,OH,4961,235170,3747.571429,42.44124868,33,5461,26.57142857,0.282314293,32.06039326,1.67555366,-0.113659001,0.420035871,26.73765394
11/12/2020,OH,7101,274457,5612.428571,60.74890282,35,5658,28.14285714,0.29942425,48.01420615,2.615379163,0.411861111,0.452867237,38.37020113
10/1/2020,OK,1170,88369,1017.857143,29.56807113,4,1035,7.714285714,0.101087423,25.72313881,0.314093063,0.707611959,0.930679983,31.15987125
10/8/2020,OK,1212,95564,1027.857143,30.62948907,10,1085,7.142857143,0.252718557,25.97585736,0.151631134,0.057764242,0.945887172,28.0108608
10/15/2020,OK,1221,103836,1181.714286,30.85693577,11,1143,8.285714286,0.277990412,29.86411287,0.032492386,-0.386298365,1.092669608,28.28605522
10/22/2020,OK,1628,112483,1235.285714,41.14258103,11,1221,11.14285714,0.277990412,31.21796228,1.469377894,0.801478851,1.08962817,32.52011797
10/29/2020,OK,1041,120193,1101.428571,26.30800175,20,1306,12.14285714,0.505437113,27.83514389,-2.119225611,-0.083036097,1.097165646,33.9943738
11/5/2020,OK,2101,129873,1382.857143,53.09616876,21,1413,15.28571429,0.530708969,34.94736613,3.826881001,2.010917658,0.410604459,32.77866163
11/12/2020,OK,2357,144691,2116.857143,59.56576381,11,1481,9.714285714,0.277990412,53.49690819,0.924227864,-2.43692894,0.524428626,41.82535929
10/1/2020,OR,353,33862,285.2857143,8.369417059,1,560,3,0.023709397,6.763952193,-0.03048351,-0.125321097,0.24886591,7.431902594
10/8/2020,OR,482,36116,322,11.42792924,11,594,4.857142857,0.260803364,7.63442576,0.436930312,0.179514004,0.263629142,7.365513389
10/15/2020,OR,365,38525,344.1428571,8.653929821,3,611,2.428571429,0.07112819,8.159419545,-0.396285632,-0.687572506,0.313377512,8.313403695
10/22/2020,OR,367,40810,326.4285714,8.701348614,11,646,5,0.260803364,7.739424517,0.006774113,0.254029251,0.283230745,8.88508851
10/29/2020,OR,565,43793,426.1428571,13.39580917,2,673,3.857142857,0.047418794,10.10359008,0.670637223,0.287899818,0.345509253,8.427740658
11/5/2020,OR,790,47839,578,18.73042345,5,710,5.285714286,0.118546984,13.70403133,0.762087753,0.189675174,0.180104582,11.89550682
11/12/2020,OR,1109,53879,862.8571429,26.29372102,4,746,5.142857143,0.094837587,20.45782235,1.080471081,0.159191664,0.193295028,16.40112254
10/1/2020,PA,1156,160123,960.8571429,9.029846846,18,8160,11.57142857,0.140603152,7.50553014,0.338117103,0.053563105,0.262527287,6.651686883
10/8/2020,PA,1376,167928,1115,10.74832981,27,8299,19.85714286,0.210904727,8.709584112,0.245497566,0.071417474,0.310021714,8.17304457
10/15/2020,PA,1598,177520,1370.285714,12.48243535,21,8432,19,0.16403701,10.70369389,0.247729362,0.284553997,0.382980022,9.484182704
10/22/2020,PA,2063,188360,1548.571429,16.11468343,30,8592,22.85714286,0.234338586,12.09633463,0.518892583,0.352623777,0.424057388,11.65564132
10/29/2020,PA,2202,202876,2073.714286,17.20045221,44,8762,24.28571429,0.343696593,16.19837578,0.155109826,-0.740956291,0.587631139,13.17213844
11/5/2020,PA,2900,220566,2527.142857,22.65272998,47,8937,25,0.367130451,19.74023612,0.778896824,0.146182642,0.254636131,19.11926458
11/12/2020,PA,5488,248856,4041.428571,42.86833866,49,9194,36.71428571,0.382753024,31.56875523,2.887944098,0.749883475,0.286099896,23.62531315
10/1/2020,RI,166,24914,86.14285714,15.6698236,3,1117,1.571428571,0.283189583,8.131586602,0.431526984,-0.364100893,0.282037013,12.08537995
10/8/2020,RI,269,26045,161.5714286,25.39266596,1,1127,1.428571429,0.094396528,15.25178184,1.388977479,1.550800098,0.50776541,8.854780207
10/15/2020,RI,274,27438,199,25.86464859,2,1149,3.142857143,0.188793055,18.78490902,0.067426091,-0.256219147,0.68558209,16.60821959
10/22/2020,RI,471,29594,308,44.46076456,4,1173,3.428571429,0.377586111,29.07413054,2.656587994,-0.984420932,0.967619103,20.4555702
10/29/2020,RI,368,32312,388.2857143,34.7379222,3,1195,3.142857143,0.283189583,36.65282319,-1.388977479,-1.726107935,1.393391265,31.65987749
11/5/2020,RI,628,35750,491.1428571,59.28101941,8,1222,3.857142857,0.755172222,46.36218033,3.506156744,2.427339284,0.559767092,43.10420438
11/12/2020,RI,988,40764,716.2857143,93.26376939,7,1250,4,0.660775694,67.61488428,4.854678568,-0.525923512,0.62605232,55.48672375
10/1/2020,SC,381,148323,802.2857143,7.399906074,22,3400,17.28571429,0.427291164,15.58225441,-1.775755488,-0.141505515,0.635787448,21.93825713
10/8/2020,SC,1050,154755,918.8571429,20.39344194,12,3514,16.28571429,0.233067908,17.84634266,1.856219409,0.671457544,0.585684633,16.96808319
10/15/2020,SC,1297,161106,907.2857143,25.19075637,14,3607,13.28571429,0.271912559,17.6215986,0.685330634,0.155378605,0.620339927,19.43353117
10/22/2020,SC,1128,167485,911.2857143,21.90838334,47,3755,21.14285714,0.912849306,17.69928791,-0.468910434,-0.296884121,0.665462949,19.1887992
10/29/2020,SC,1100,174591,1015.142857,21.36455822,13,3889,19.14285714,0.252490233,19.71643516,-0.077689303,-0.210870964,0.725017208,19.27339791
11/5/2020,SC,769,181639,1006.857143,14.93576843,7,3992,14.71428571,0.13595628,19.55550731,-0.918398542,-0.935046249,0.285579335,23.27836384
11/12/2020,SC,1495,190490,1264.428571,29.03637685,8,4084,13.14285714,0.155378605,24.55814348,2.014372632,1.073777147,0.224881035,23.40422785
10/1/2020,SD,747,23136,434.1428571,84.43931504,13,236,3.714285714,1.469492765,49.07459904,4.586109289,5.441967712,1.629519947,42.39608598
10/8/2020,SD,505,26411,467.8571429,57.08414203,14,272,5.142857143,1.58253067,52.88559127,-3.907881859,-14.21047949,2.080225646,53.43911459
10/15/2020,SD,797,31012,657.2857143,90.09121029,13,304,4.571428571,1.469492765,74.29820013,4.715295466,7.202129376,2.548675663,57.58904255
10/22/2020,SD,973,36017,715,109.9858816,14,347,6.142857143,1.58253067,80.82210208,2.842095897,7.508946546,2.856243857,80.90601061
10/29/2020,SD,1000,43000,997.5714286,113.037905,19,403,8,2.147720195,112.7633844,0.436003348,-10.59326653,4.114316063,88.01012456
11/5/2020,SD,1360,51151,1164.428571,153.7315508,22,482,11.28571429,2.48683391,131.6245662,5.813377971,11.1907526,1.685398551,132.8921134
11/12/2020,SD,2020,60716,1366.428571,228.3365681,0,567,12.14285714,0,154.458223,10.65785961,3.794843954,1.434452773,157.5296048
10/1/2020,TN,1293,197432,1412.571429,18.9334757,47,2501,27.28571429,0.688223788,20.68436722,0.958074453,1.027106018,0.722532676,21.42145156
10/8/2020,TN,1992,209447,1716.428571,29.16897417,63,2705,29.14285714,0.922512737,25.13376539,1.462214067,0.307504246,0.867039211,22.52395928
10/15/2020,TN,2289,222827,1911.428571,33.51796279,36,2864,22.71428571,0.527150136,27.98916196,0.621284088,1.397366232,1.00242789,27.36907066
10/22/2020,TN,2046,237907,2154.285714,29.95969937,41,3011,21,0.600365432,31.54533351,-0.508323345,-1.727881,1.174058133,30.47841577
10/29/2020,TN,2660,256880,2710.428571,38.9505378,22,3263,36,0.322147305,39.68896636,1.284405489,0.962258184,1.406678409,34.35086023
11/5/2020,TN,1969,271771,2127.285714,28.8321838,31,3509,35.14285714,0.453934839,31.14997091,-1.445479142,-3.535252893,0.473454311,46.68643389
11/12/2020,TN,3344,296725,3564.857143,48.96639037,27,3788,39.85714286,0.395362602,52.20041462,2.876315224,2.485136353,0.492023034,37.2805985
10/1/2020,TX,3534,752501,4083.142857,12.187938,112,15823,79.42857143,0.386261759,14.08180306,-0.387247121,-1.515978868,0.529970921,24.19606191
10/8/2020,TX,4238,781794,4184.714286,14.61586906,104,16334,73,0.358671633,14.43209912,0.346847294,1.116414727,0.515913193,15.33418718
10/15/2020,TX,4726,809808,4002,16.29886673,95,16812,68.28571429,0.327632742,13.80196035,0.240428238,-0.028575487,0.49673044,15.71563729
10/22/2020,TX,6291,845100,5041.714286,21.69618505,85,17286,67.71428571,0.293145085,17.38769133,0.771045476,0.482827199,0.60863284,15.02945628
10/29/2020,TX,6826,886820,5960,23.54127471,119,17819,76.14285714,0.410403119,20.55464361,0.263584236,0.07882893,0.74321889,18.93408907
11/5/2020,TX,8594,934994,6882,29.63869247,133,18453,90.57142857,0.458685839,23.73440559,0.871059681,-1.099663579,0.31770261,24.25603484
11/12/2020,TX,8461,993841,8406.714286,29.18000664,143,19147,99.14285714,0.493173496,28.99278793,-0.065526548,-0.81587943,0.289865608,28.40557534
10/1/2020,UT,1008,74050,990.1428571,31.44145993,0,459,2.142857143,0,30.88446128,-0.846637952,-0.975861639,1.162243525,31.35063678
10/8/2020,UT,1501,81947,1128.142857,46.81907873,5,501,6,0.155959623,35.18894687,2.196802685,1.746747774,1.208432953,33.63121243
10/15/2020,UT,1498,90461,1216.285714,46.72550295,2,529,4,0.062383849,37.93829221,-0.013367968,-0.623838491,1.390089608,38.31852324
10/22/2020,UT,1543,99549,1298.285714,48.12913956,6,563,4.857142857,0.187151547,40.49603003,0.200519515,-0.775342124,1.475939923,41.31238532
10/29/2020,UT,1837,110640,1584.428571,57.29956537,10,598,5,0.311919245,49.42137643,1.31006083,0.365391116,1.76221645,44.09759899
11/5/2020,UT,2807,124292,1950.285714,87.55573217,7,632,4.857142857,0.218343472,60.83316482,4.322309543,1.93835531,0.781881986,58.20585958
11/12/2020,UT,3919,143639,2763.857143,122.2411523,9,687,7.857142857,0.280727321,86.21002343,4.955060012,3.952462438,0.810543206,72.80574354
10/1/2020,VA,450,148721,747,5.272087145,20,3228,16.42857143,0.234314984,8.751664662,-0.756502663,-1.049396394,0.348264201,10.99349678
10/8/2020,VA,1844,155535,973.4285714,21.60384155,25,3328,14.28571429,0.29289373,11.40444502,2.333107772,2.744832673,0.332264032,9.530005744
10/15/2020,VA,1331,162941,1058,15.5936622,7,3388,8.571428571,0.082010244,12.39526267,-0.858597049,-1.354005873,0.485461046,12.41871469
10/22/2020,VA,1332,170104,1023.285714,15.60537795,9,3524,19.42857143,0.105441743,11.9885588,0.001673678,-0.354819833,0.439054428,13.49765204
10/29/2020,VA,1429,178183,1154.142857,16.74180562,20,3636,16,0.234314984,13.52164827,0.162346811,-0.384946046,0.489323156,13.05477742
11/5/2020,VA,1366,187202,1288.428571,16.00371342,11,3688,7.428571429,0.128873241,15.09490602,-0.105441743,0.209209807,0.215372783,15.96980048
11/12/2020,VA,1521,198027,1546.428571,17.81965455,17,3758,10,0.199167737,18.11756932,0.259420161,-0.471977325,0.17814052,18.06573536
10/1/2020,VT,3,1755,4.428571429,0.480777706,0,58,0,0,0.709719471,0.022894176,-0.022894176,0.025156968,0.473675717
10/8/2020,VT,11,1838,11.85714286,1.762851589,0,58,0,0,1.900216648,0.183153412,0.114470882,0.06289242,0.772839328
10/15/2020,VT,14,1903,9.285714286,2.243629295,0,58,0,0,1.488121471,0.068682529,0.137365059,0.051991067,2.069214974
10/22/2020,VT,16,1987,12,2.564147765,0,58,0,0,1.923110824,0.045788353,-0.228941765,0.068762379,1.620469558
10/29/2020,VT,21,2141,22,3.365443942,0,58,0,0,3.525703177,0.114470882,0.297624294,0.124946275,2.094145275
11/5/2020,VT,36,2303,23.14285714,5.769332472,0,58,0,0,3.708856589,0.343412647,-0.183153412,0.046385309,4.147976312
11/12/2020,VT,116,2651,49.71428571,18.5900713,0,59,0.142857143,0,7.967173414,1.831534118,0.84708453,0.061204886,4.438796871
10/1/2020,WA,480,87522,545.7142857,6.303437225,2,2126,6.428571429,0.026264322,7.166407797,-0.054404667,-0.812317952,0.264483196,5.115345513
10/8/2020,WA,545,91208,526.5714286,7.157027682,12,2177,7.285714286,0.157585931,6.915020718,0.121941494,0.153833885,0.248816225,7.803761925
10/15/2020,WA,734,95509,614.4285714,9.63900609,10,2221,6.285714286,0.131321609,8.068774852,0.354568344,1.080589239,0.282555183,7.530017397
10/22/2020,WA,724,99874,623.5714286,9.507684481,4,2286,9.285714286,0.052528644,8.188840323,-0.01876023,-0.936135469,0.300627171,8.78638221
10/29/2020,WA,716,104743,695.5714286,9.402627194,16,2353,9.571428571,0.210114574,9.134355907,-0.015008184,-0.086297057,0.335121992,8.917125865
11/5/2020,WA,1469,111480,962.4285714,19.29114434,16,2416,9,0.210114574,12.63876684,1.412645307,1.168762319,0.147784637,10.80034384
11/12/2020,WA,0,120011,1218.714286,0,0,2482,9.428571429,0,16.00435207,-2.755877763,-4.226679782,0.187139052,15.12620328
10/1/2020,WI,3000,132123,2489,51.52484339,21,1358,11.85714286,0.360673904,42.74844507,1.280760393,-0.103049687,1.518874201,37.74149346
10/8/2020,WI,3274,149467,2477.714286,56.23077909,9,1435,11,0.15457453,42.55461351,0.672276528,0.662462272,1.534062045,46.5503356
10/15/2020,WI,4040,171122,3093.571429,69.3867891,18,1565,18.57142857,0.30914906,53.13192779,1.879430002,-0.230635013,1.877271356,46.33926537
10/22/2020,WI,3632,195823,3528.714286,62.3794104,23,1725,22.85714286,0.395023799,60.60548365,-1.0010541,-3.55276063,2.256518095,57.85728734
10/29/2020,WI,5146,226705,4411.714286,88.38228136,60,2003,39.71428571,1.030496868,75.77096255,3.714695852,4.286376257,2.63926972,65.99551395
11/5/2020,WI,6284,263571,5266.571429,107.927372,40,2269,38,0.686997912,90.45308935,2.792155799,-2.421667639,1.210961433,89.45456385
11/12/2020,WI,8223,309572,6571.571429,141.2295957,67,2621,50.28571429,1.150721502,112.8663962,4.75746054,1.611991529,1.078419824,108.2551672
10/1/2020,WV,176,16024,188.2857143,9.820622973,4,354,4.142857143,0.223195977,10.50615347,-0.207253407,-0.494219663,0.392409594,11.07596306
10/8/2020,WV,186,17325,185.8571429,10.37861292,1,370,2.285714286,0.055798994,10.37064163,0.079712849,-0.294937541,0.376935109,11.44053238
10/15/2020,WV,264,19082,251,14.73093446,2,393,3.285714286,0.111597988,14.00554754,0.621760221,0.143483128,0.490220021,11.29296861
10/22/2020,WV,323,21057,282.1428571,18.02307512,5,418,3.571428571,0.278994971,15.74328764,0.470305808,0.852927482,0.559417249,15.25114977
10/29/2020,WV,402,23466,344.1428571,22.43119566,7,443,3.571428571,0.390592959,19.20282528,0.629731506,-0.510162232,0.680293419,17.14343813
11/5/2020,WV,560,26547,440.1428571,31.24743673,8,480,5.285714286,0.446391953,24.55952872,1.259463011,0.972496755,0.317832384,22.69407059
11/12/2020,WV,696,30897,621.4285714,38.83609994,2,555,10.71428571,0.111597988,34.67508923,1.084094744,-2.829806133,0.335080483,29.393091
10/1/2020,WY,135,6083,111.1428571,23.32577118,3,53,0.428571429,0.518350471,19.20365077,-0.024683356,0.617083894,0.704293497,17.55172791
10/8/2020,WY,193,7092,144.1428571,33.34721361,1,54,0.142857143,0.17278349,24.90550594,1.431634633,1.382267922,0.859798607,20.91155331
10/15/2020,WY,198,8375,183.2857143,34.21113106,0,57,0.428571429,0,31.66874542,0.123416779,-1.949985104,1.155439138,27.12051065
10/22/2020,WY,271,10119,249.1428571,46.82432584,7,68,1.571428571,1.209484431,43.04777241,1.801884969,-0.888600807,1.510750235,34.48524794
10/29/2020,WY,361,12507,341.1428571,62.37483996,10,87,2.714285714,1.727834902,58.94385351,2.221502017,1.777201613,2.07762061,46.87628402
11/5/2020,WY,365,15409,414.5714286,63.06597392,0,105,2.571428571,0,71.63109836,0.098733423,-1.999351815,0.951050332,69.41029287
11/12/2020,WY,1105,20479,724.2857143,190.9257567,0,127,3.142857143,0,125.1446136,18.26568325,25.49790648,1.066150143,85.72881902
10/1/2020,Region,45238,7182943,34607,13.78200882,847,199040,696.8571429,0.25804327,12.9056453,0.119773162,-0.122340974,0.468319644,13.98560696
10/8/2020,Region,54699,7501098,38507.85714,16.66435519,975,203782,677.4285714,0.297039184,13.84681341,0.411763768,0.130740763,0.492097653,14.05342624
10/15/2020,Region,62448,7869347,44591.71429,19.02513123,949,208513,675.8571429,0.289118139,16.02701574,0.337253719,0.111460418,0.574683032,15.07829841
10/22/2020,Region,72706,8291912,50751.14286,22.1502881,1134,213970,779.5714286,0.34547942,18.39096889,0.446450981,0.238719403,0.657270005,17.45239996
10/29/2020,Region,87158,8819759,63893,26.55317044,1047,219508,791.1428571,0.318974385,22.97307576,0.628983192,-0.157898631,0.818417185,20.02659448
11/5/2020,Region,115758,9465244,78565.57143,35.26631983,1117,225990,926,0.340300275,28.09294323,1.244735627,0.183010955,0.368920662,27.11401763
11/12/2020,Region,149099,10370024,111629.1429,45.4238413,1096,233303,1044.714286,0.333902508,39.37803849,1.451074495,-0.342824564,0.37833311,33.62191703
